open,high,low,close,volume,trend_code,year,month,day,hour,dayofweek,Actual_Label,Predicted_Label
5422.15,5443.55,5408.8,5414.15,0,1,2010,8,17,0,1,Sideways,Sideways
4806.2,4934.39,4806.05,4919.6,0,2,2011,8,29,0,0,Uptrend,Uptrend
25230.75,25238.35,25101.0,25111.45,0,0,2025,7,17,0,3,Downtrend,Downtrend
1049.5,1050.9,1035.5,1045.3,0,1,2002,5,22,0,2,Sideways,Sideways
11883.9,11883.95,11784.45,11844.1,0,2,2019,10,30,0,2,Uptrend,Uptrend
2489.1,2504.75,2480.85,2500.69,0,2,2005,11,10,0,3,Uptrend,Uptrend
3664.5,3682.2,3618.75,3661.9,0,2,2009,5,5,0,1,Uptrend,Uptrend
1944.15,1953.05,1887.1,1900.65,0,0,2004,1,16,0,4,Downtrend,Downtrend
2032.75,2033.0,2001.85,2008.2,0,0,2005,4,11,0,0,Downtrend,Downtrend
1094.45,1099.84,1087.3,1089.59,0,0,2003,1,3,0,4,Downtrend,Downtrend
2764.6,2764.6,2659.55,2674.6,0,0,2009,3,2,0,0,Downtrend,Downtrend
10531.05,10552.4,10469.25,10490.75,0,0,2017,12,27,0,2,Downtrend,Downtrend
11928.8,11969.25,11923.65,11946.75,0,2,2019,7,4,0,3,Uptrend,Uptrend
5246.8,5269.95,5237.1,5262.8,0,2,2010,3,19,0,4,Uptrend,Uptrend
2006.8,2034.35,2006.8,2028.7,0,2,2004,12,15,0,2,Uptrend,Uptrend
5596.75,5624.4,5583.05,5619.7,0,1,2012,10,31,0,2,Sideways,Sideways
5647.95,5699.35,5630.95,5682.35,0,2,2013,6,27,0,3,Uptrend,Uptrend
17312.84,17379.65,17302.7,17369.25,0,2,2021,9,9,0,3,Uptrend,Uptrend
17519.2,17559.8,17435.2,17464.75,0,2,2022,3,31,0,3,Uptrend,Uptrend
5037.39,5049.05,4921.45,4943.64,0,0,2011,12,8,0,3,Downtrend,Downtrend
11999.8,12039.25,11829.45,11922.8,0,0,2019,5,31,0,4,Downtrend,Downtrend
2070.55,2088.44,2052.25,2059.8,0,0,2004,12,30,0,3,Downtrend,Downtrend
5432.35,5432.35,5303.4,5312.55,0,0,2011,2,8,0,1,Downtrend,Downtrend
11531.6,11582.55,11461.0,11555.9,0,0,2019,7,9,0,1,Downtrend,Downtrend
23296.75,23546.8,23277.4,23508.4,0,2,2025,1,31,0,4,Uptrend,Uptrend
23515.4,23708.75,23433.5,23658.35,0,2,2025,3,24,0,0,Uptrend,Uptrend
6237.15,6309.05,6235.9,6299.15,0,2,2013,10,31,0,3,Uptrend,Uptrend
11675.85,11727.65,11640.1,11680.5,0,2,2018,8,31,0,4,Uptrend,Uptrend
21775.75,21813.05,21501.8,21522.1,0,1,2024,1,30,0,1,Sideways,Sideways
7990.35,8035.0,7984.0,8027.7,0,2,2014,9,1,0,0,Uptrend,Uptrend
1971.05,1972.85,1951.8,1957.1,0,0,2005,4,26,0,1,Downtrend,Downtrend
4801.8,4880.0,4791.35,4855.75,0,2,2010,2,16,0,1,Uptrend,Uptrend
10508.7,10558.85,10474.95,10488.45,0,0,2018,12,10,0,0,Downtrend,Downtrend
5122.75,5161.75,5111.75,5123.25,0,2,2009,12,2,0,2,Uptrend,Uptrend
3644.9,3711.05,3630.55,3643.6,0,1,2007,3,15,0,3,Sideways,Sideways
11412.5,11459.95,11379.3,11450.0,0,2,2018,8,8,0,2,Uptrend,Uptrend
11478.7,11479.1,11346.95,11359.45,0,0,2019,5,8,0,2,Downtrend,Downtrend
1789.1,1800.9,1751.05,1780.3,0,0,2003,12,23,0,1,Downtrend,Downtrend
18748.55,18829.25,18714.25,18817.4,0,2,2023,6,27,0,1,Uptrend,Uptrend
8468.04,8520.45,8425.95,8495.15,0,1,2015,8,19,0,2,Sideways,Sideways
24230.95,24426.15,24210.8,24406.1,0,0,2024,7,25,0,3,Downtrend,Downtrend
1055.59,1059.59,1048.2,1049.65,0,0,2003,2,26,0,2,Downtrend,Downtrend
11353.3,11366.25,11111.45,11178.4,0,0,2020,8,14,0,4,Downtrend,Downtrend
8956.4,8982.15,8927.54,8939.5,0,2,2017,2,23,0,3,Uptrend,Uptrend
8844.75,8844.79,8722.4,8750.2,0,0,2015,4,15,0,2,Downtrend,Downtrend
1143.65,1143.65,1078.09,1101.3,0,0,2001,4,27,0,4,Downtrend,Downtrend
1723.9,1740.3,1711.3,1736.25,0,2,2003,12,16,0,1,Uptrend,Uptrend
14865.3,14959.1,14760.8,14919.1,0,2,2021,3,2,0,1,Uptrend,Uptrend
972.3,992.05,972.3,990.35,0,2,2002,11,15,0,4,Uptrend,Uptrend
3945.45,3965.8,3935.3,3950.85,0,2,2006,11,24,0,4,Uptrend,Uptrend
17808.3,17811.5,17637.0,17656.35,0,0,2022,10,25,0,1,Downtrend,Downtrend
5220.7,5246.35,5212.64,5240.5,0,2,2012,8,1,0,2,Uptrend,Uptrend
5216.75,5300.1,5204.95,5258.45,0,1,2011,11,2,0,2,Sideways,Sideways
4243.95,4383.75,4243.95,4375.5,0,2,2009,6,26,0,4,Uptrend,Uptrend
11738.55,11783.25,11639.6,11678.5,0,0,2020,2,26,0,2,Downtrend,Downtrend
4898.89,4947.7,4860.1,4881.7,0,1,2009,11,10,0,1,Sideways,Sideways
929.45,931.35,921.1,924.3,0,0,2003,4,25,0,4,Downtrend,Downtrend
1065.59,1069.2,1061.09,1066.09,0,2,2003,2,21,0,4,Uptrend,Uptrend
10186.85,10255.35,10171.04,10245.0,0,2,2018,4,3,0,1,Uptrend,Uptrend
19809.6,19832.85,19768.85,19794.7,0,0,2023,11,24,0,4,Downtrend,Downtrend
1778.85,1794.3,1778.4,1789.15,0,2,2003,12,22,0,0,Uptrend,Uptrend
22327.5,22497.2,22224.35,22474.05,0,2,2024,3,6,0,2,Uptrend,Uptrend
10405.85,10408.55,10224.0,10245.25,0,0,2018,10,22,0,0,Downtrend,Downtrend
5860.5,5886.05,5850.15,5857.9,0,1,2012,12,17,0,0,Sideways,Sideways
8780.85,8847.65,8750.5,8779.85,0,2,2016,9,16,0,4,Uptrend,Uptrend
5786.05,5857.35,5759.65,5851.65,0,2,2011,4,20,0,2,Uptrend,Uptrend
11360.85,11462.35,11342.1,11428.3,0,2,2019,10,15,0,1,Uptrend,Uptrend
5097.35,5170.39,5093.45,5165.0,0,2,2012,6,21,0,3,Uptrend,Uptrend
4317.95,4398.8,4317.95,4335.35,0,2,2008,8,25,0,0,Uptrend,Uptrend
2090.69,2106.65,2081.69,2102.69,0,1,2005,6,13,0,0,Sideways,Sideways
1038.2,1047.95,1026.5,1041.65,0,1,2002,5,29,0,2,Sideways,Sideways
18074.3,18183.75,18032.45,18165.35,0,2,2023,1,18,0,2,Uptrend,Uptrend
6306.25,6327.1,6246.35,6261.65,0,0,2014,1,17,0,4,Downtrend,Downtrend
10301.6,10433.65,10295.45,10421.4,0,2,2018,3,12,0,0,Uptrend,Uptrend
5283.9,5329.55,5242.14,5302.85,0,2,2010,3,29,0,0,Uptrend,Uptrend
16382.5,16509.55,16376.05,16450.5,0,0,2021,8,20,0,4,Downtrend,Downtrend
4952.35,5017.89,4942.64,4998.95,0,2,2009,11,13,0,4,Uptrend,Uptrend
11934.65,11988.2,11888.9,11934.5,0,2,2020,10,13,0,1,Uptrend,Uptrend
6064.15,6083.55,6024.95,6069.3,0,2,2013,5,8,0,2,Uptrend,Uptrend
5249.2,5298.6,5249.2,5290.5,0,2,2010,4,1,0,3,Uptrend,Uptrend
10702.25,10710.2,10612.85,10651.8,0,1,2019,1,30,0,2,Sideways,Sideways
18235.65,18321.55,18228.75,18308.09,0,2,2022,1,17,0,0,Uptrend,Uptrend
11354.4,11452.05,11303.65,11333.85,0,0,2020,9,4,0,4,Downtrend,Downtrend
11423.15,11428.95,11359.7,11389.45,0,2,2018,8,7,0,1,Uptrend,Uptrend
3716.75,3777.6,3657.65,3765.2,0,1,2006,12,13,0,2,Sideways,Sideways
11922.45,12084.5,11919.75,12073.75,0,2,2019,11,25,0,0,Uptrend,Uptrend
11957.9,11974.55,11908.75,11930.35,0,2,2020,10,23,0,4,Uptrend,Uptrend
9348.15,9439.9,9219.95,9239.2,0,0,2020,5,11,0,0,Downtrend,Downtrend
10816.15,10856.55,10789.4,10842.85,0,2,2018,6,12,0,1,Uptrend,Uptrend
18382.7,18384.2,18048.0,18178.09,0,0,2021,10,21,0,3,Downtrend,Downtrend
1704.45,1755.45,1703.8,1747.5,0,2,2004,3,26,0,4,Uptrend,Uptrend
3455.0,3489.05,3430.4,3478.45,0,1,2006,4,10,0,0,Sideways,Sideways
17144.8,17328.55,17098.55,17311.8,0,2,2022,10,17,0,0,Uptrend,Uptrend
1417.8,1430.7,1397.65,1407.05,0,0,2003,9,9,0,1,Downtrend,Downtrend
2397.85,2447.85,2384.05,2443.69,0,1,2005,10,21,0,4,Sideways,Sideways
1193.59,1199.59,1182.55,1187.65,0,1,2002,3,8,0,4,Sideways,Sideways
4513.1,4582.35,4474.5,4571.45,0,2,2009,7,30,0,3,Uptrend,Uptrend
6170.15,6185.15,6120.95,6140.75,0,0,2013,11,8,0,4,Downtrend,Downtrend
4366.0,4366.0,4171.14,4178.6,0,0,2007,8,16,0,3,Downtrend,Downtrend
2361.94,2386.94,2320.05,2324.4,0,0,2005,8,8,0,0,Downtrend,Downtrend
934.2,943.15,927.8,929.7,0,0,2003,4,24,0,3,Downtrend,Downtrend
5466.1,5530.55,5464.75,5520.8,0,2,2011,3,8,0,1,Uptrend,Uptrend
1962.3,1984.4,1947.3,1977.5,0,2,2005,5,6,0,4,Uptrend,Uptrend
2799.85,2960.15,2799.85,2890.35,0,2,2006,6,16,0,4,Uptrend,Uptrend
1151.2,1179.0,1150.59,1174.95,0,2,2001,5,17,0,3,Uptrend,Uptrend
18300.45,18309.0,18115.35,18181.75,0,0,2023,5,17,0,2,Downtrend,Downtrend
1946.3,1969.2,1930.75,1955.0,0,2,2004,1,5,0,0,Uptrend,Uptrend
1359.1,1384.9,1355.3,1378.85,0,2,2001,2,2,0,4,Uptrend,Uptrend
1155.4,1170.2,1138.84,1143.75,0,0,2001,4,26,0,3,Downtrend,Downtrend
963.4,973.25,962.5,971.25,0,2,2001,10,16,0,1,Uptrend,Uptrend
1064.09,1064.09,1051.75,1053.75,0,0,2001,8,31,0,4,Downtrend,Downtrend
10209.54,10396.0,10105.1,10386.6,0,2,2018,10,31,0,2,Uptrend,Uptrend
5946.8,5976.65,5833.6,5865.75,0,1,2010,11,24,0,2,Sideways,Sideways
3269.05,3335.95,3046.6,3074.35,0,0,2008,10,17,0,4,Downtrend,Downtrend
23377.25,23391.65,23272.05,23311.8,0,2,2025,1,16,0,3,Uptrend,Uptrend
5426.15,5448.6,5393.85,5415.35,0,2,2012,8,23,0,3,Uptrend,Uptrend
4578.8,4578.8,4374.6,4387.89,0,0,2009,8,17,0,0,Downtrend,Downtrend
5380.35,5445.65,5305.0,5317.9,0,0,2012,3,16,0,4,Downtrend,Downtrend
953.9,960.85,948.05,959.85,0,2,2002,11,12,0,1,Uptrend,Uptrend
1914.45,1929.5,1909.45,1913.55,0,0,2004,2,16,0,0,Downtrend,Downtrend
11322.25,11370.4,11257.35,11314.0,0,1,2019,10,3,0,3,Sideways,Sideways
5948.2,5970.35,5946.9,5956.9,0,0,2013,2,5,0,1,Downtrend,Downtrend
14946.55,14956.55,14696.05,14721.3,0,0,2021,3,17,0,2,Downtrend,Downtrend
12195.3,12230.05,12162.3,12169.85,0,0,2020,1,21,0,1,Downtrend,Downtrend
1145.59,1148.84,1134.0,1138.45,0,1,2003,7,4,0,4,Sideways,Sideways
5151.5,5174.14,5130.25,5158.3,0,2,2012,1,25,0,2,Uptrend,Uptrend
3962.95,4110.55,3926.3,4092.25,0,2,2008,7,18,0,4,Uptrend,Uptrend
990.35,1000.3,989.05,996.85,0,2,2002,11,18,0,0,Uptrend,Uptrend
2455.85,2486.35,2455.85,2484.1,0,2,2005,9,12,0,0,Uptrend,Uptrend
2493.1,2519.4,2475.69,2489.1,0,2,2005,11,9,0,2,Uptrend,Uptrend
4442.35,4493.05,4403.7,4440.05,0,0,2007,7,30,0,0,Downtrend,Downtrend
2266.65,2293.94,2266.65,2291.69,0,2,2005,7,25,0,0,Uptrend,Uptrend
2853.85,2854.65,2757.3,2770.5,0,0,2009,2,17,0,1,Downtrend,Downtrend
5419.65,5447.5,5389.8,5396.75,0,0,2011,6,16,0,3,Downtrend,Downtrend
17202.9,17344.6,17175.75,17287.05,0,2,2022,3,17,0,3,Uptrend,Uptrend
10689.4,10717.25,10616.1,10633.3,0,0,2018,5,29,0,1,Downtrend,Downtrend
17370.09,17477.15,17339.0,17463.8,0,2,2022,2,9,0,2,Uptrend,Uptrend
8416.1,8469.35,8352.7,8377.7,0,0,2015,4,21,0,1,Downtrend,Downtrend
5450.65,5517.55,5432.75,5486.35,0,2,2011,5,20,0,4,Uptrend,Uptrend
6067.05,6175.65,6005.45,6159.3,0,2,2007,12,12,0,2,Uptrend,Uptrend
18570.85,18625.0,18536.95,18609.35,0,0,2022,12,8,0,3,Downtrend,Downtrend
20929.75,20950.0,20769.5,20926.35,0,1,2023,12,13,0,2,Sideways,Sideways
18177.9,18178.75,18048.65,18082.85,0,0,2022,11,2,0,2,Downtrend,Downtrend
25030.95,25078.3,24956.4,25010.9,0,2,2024,8,1,0,3,Uptrend,Uptrend
6037.85,6068.5,6018.6,6056.6,0,2,2013,1,15,0,1,Uptrend,Uptrend
5276.5,5295.8,5243.15,5253.75,0,1,2012,9,3,0,0,Sideways,Sideways
4586.95,4690.6,4536.25,4676.95,0,1,2008,6,5,0,3,Sideways,Sideways
9048.75,9099.05,9048.6,9086.3,0,2,2017,3,23,0,3,Uptrend,Uptrend
8512.25,8643.9,8498.65,8633.5,0,1,2015,7,22,0,2,Sideways,Sideways
4791.3,4827.8,4741.0,4751.3,0,1,2011,10,5,0,2,Sideways,Sideways
8403.85,8460.3,8397.4,8417.0,0,2,2017,1,18,0,2,Uptrend,Uptrend
5561.05,5597.35,5559.45,5592.0,0,2,2011,6,1,0,2,Uptrend,Uptrend
11558.25,11603.0,11484.4,11589.1,0,2,2018,9,7,0,4,Uptrend,Uptrend
977.4,992.05,973.5,984.3,0,1,2003,4,1,0,1,Sideways,Sideways
11381.55,11411.45,11268.95,11278.9,0,0,2018,9,18,0,1,Downtrend,Downtrend
4353.1,4411.0,4304.0,4384.85,0,2,2007,7,6,0,4,Uptrend,Uptrend
1017.05,1033.45,1017.05,1031.5,0,2,2003,4,7,0,0,Uptrend,Uptrend
8647.45,8687.2,8611.4,8622.9,0,1,2016,8,2,0,1,Sideways,Sideways
5674.25,5693.7,5651.05,5687.25,0,1,2012,10,15,0,0,Sideways,Sideways
10879.7,10910.9,10823.8,10831.4,0,0,2019,2,12,0,1,Downtrend,Downtrend
10614.45,10616.45,10582.3,10598.4,0,2,2018,11,7,0,2,Uptrend,Uptrend
8280.29,8294.04,8229.2,8261.65,0,0,2015,10,20,0,1,Downtrend,Downtrend
1371.75,1371.85,1322.65,1329.25,0,0,2003,9,15,0,0,Downtrend,Downtrend
10039.95,10040.75,9508.0,9590.15,0,0,2020,3,12,0,3,Downtrend,Downtrend
5609.75,5629.95,5491.35,5505.35,0,0,2012,2,22,0,2,Downtrend,Downtrend
5321.05,5338.2,5232.75,5303.55,0,1,2011,2,25,0,4,Sideways,Sideways
11561.45,11599.0,11519.5,11582.9,0,2,2019,7,11,0,3,Uptrend,Uptrend
3755.8,3774.15,3687.9,3701.05,0,0,2006,5,11,0,3,Downtrend,Downtrend
22874.95,22940.7,22807.95,22907.6,0,2,2025,3,19,0,2,Uptrend,Uptrend
11915.15,11946.2,11867.6,11884.5,0,0,2019,11,18,0,0,Downtrend,Downtrend
16775.84,16951.5,16764.84,16931.05,0,2,2021,8,30,0,0,Uptrend,Uptrend
10451.9,10596.25,10440.54,10582.5,0,1,2018,11,13,0,1,Sideways,Sideways
8313.04,8356.75,8308.65,8328.35,0,2,2016,7,1,0,4,Uptrend,Uptrend
1370.05,1370.05,1335.65,1355.1,0,0,2001,2,22,0,3,Downtrend,Downtrend
7469.0,7478.45,7422.15,7454.15,0,0,2014,7,14,0,0,Downtrend,Downtrend
17922.8,18072.05,17886.95,18053.3,0,2,2023,1,17,0,1,Uptrend,Uptrend
4248.64,4275.35,4220.1,4267.39,0,2,2007,6,21,0,3,Uptrend,Uptrend
5765.45,5878.8,5754.6,5865.0,0,2,2007,12,3,0,0,Uptrend,Uptrend
2146.55,2151.35,2122.0,2128.94,0,0,2005,3,15,0,1,Downtrend,Downtrend
4416.2,4418.55,4271.3,4283.85,0,0,2008,8,21,0,3,Downtrend,Downtrend
6070.9,6201.45,6070.9,6189.35,0,2,2013,10,18,0,4,Uptrend,Uptrend
1933.05,1956.95,1925.35,1934.05,0,2,2005,1,18,0,1,Uptrend,Uptrend
6006.2,6020.1,5958.45,5971.5,0,0,2013,1,9,0,2,Downtrend,Downtrend
969.85,974.75,967.35,970.3,0,0,2002,9,23,0,0,Downtrend,Downtrend
10761.5,10762.35,10687.85,10700.45,0,0,2018,1,16,0,1,Downtrend,Downtrend
1063.05,1076.59,1062.2,1075.5,0,1,2001,8,14,0,1,Sideways,Sideways
24396.55,24402.65,24193.75,24315.95,0,1,2024,7,11,0,3,Sideways,Sideways
6128.25,6187.3,6128.25,6169.9,0,2,2013,5,16,0,3,Uptrend,Uptrend
22048.3,22353.3,22047.75,22338.75,0,2,2024,3,1,0,4,Uptrend,Uptrend
5866.8,5894.95,5859.0,5889.25,0,2,2012,12,4,0,1,Uptrend,Uptrend
2900.3,2900.3,2870.95,2884.05,0,2,2006,1,23,0,0,Uptrend,Uptrend
16290.95,16414.7,16185.75,16214.7,0,0,2022,5,23,0,0,Downtrend,Downtrend
2184.0,2204.44,2162.94,2194.3,0,2,2005,6,24,0,4,Uptrend,Uptrend
8029.1,8100.7,7927.05,8088.6,0,0,2016,6,24,0,4,Downtrend,Downtrend
2062.15,2074.5,2045.5,2052.25,0,1,2005,2,2,0,2,Sideways,Sideways
10063.25,10114.85,10005.5,10020.55,0,1,2017,7,27,0,3,Sideways,Sideways
12131.35,12134.65,12046.3,12053.95,0,2,2019,12,16,0,0,Uptrend,Uptrend
12026.4,12098.85,12023.6,12086.7,0,2,2019,12,13,0,4,Uptrend,Uptrend
5478.25,5544.7,5478.1,5540.2,0,2,2010,8,19,0,3,Uptrend,Uptrend
6116.3,6120.25,6074.65,6082.0,0,0,2010,10,26,0,1,Downtrend,Downtrend
3215.5,3252.1,3167.05,3185.3,0,0,2006,5,30,0,1,Downtrend,Downtrend
5548.85,5558.3,5496.35,5545.3,0,2,2011,6,28,0,1,Uptrend,Uptrend
6673.05,6702.6,6643.8,6695.9,0,2,2014,3,28,0,4,Uptrend,Uptrend
6079.9,6128.75,6039.4,6121.6,0,1,2010,11,15,0,0,Sideways,Sideways
6002.95,6038.1,5966.75,5982.1,0,0,2010,10,20,0,2,Downtrend,Downtrend
10207.4,10242.95,10175.1,10230.85,0,2,2017,10,16,0,0,Uptrend,Uptrend
17584.85,17595.3,17442.35,17530.3,0,0,2022,4,12,0,1,Downtrend,Downtrend
1121.45,1131.95,1113.65,1130.05,0,1,2001,5,4,0,4,Sideways,Sideways
8086.35,8100.35,8031.75,8060.7,0,2,2015,11,3,0,1,Uptrend,Uptrend
4478.1,4537.95,4405.95,4517.8,0,2,2009,6,16,0,1,Uptrend,Uptrend
4995.0,5023.8,4991.39,5018.39,0,2,2012,1,19,0,3,Uptrend,Uptrend
9104.0,9133.55,9089.4,9108.0,0,2,2017,3,24,0,4,Uptrend,Uptrend
15437.75,15606.35,15374.0,15582.8,0,2,2021,5,31,0,0,Uptrend,Uptrend
5689.7,5710.8,5554.85,5565.25,0,0,2011,5,3,0,1,Downtrend,Downtrend
17695.7,17764.65,17587.65,17655.6,0,1,2022,9,6,0,1,Sideways,Sideways
1040.3,1040.75,1029.55,1031.25,0,0,2003,3,6,0,3,Downtrend,Downtrend
6015.8,6017.0,5986.55,6009.5,0,2,2013,1,3,0,3,Uptrend,Uptrend
2558.5,2592.5,2549.85,2574.8,0,2,2005,9,27,0,1,Uptrend,Uptrend
8201.15,8285.6,8188.3,8270.45,0,2,2016,6,23,0,3,Uptrend,Uptrend
18008.05,18047.4,17795.55,17859.45,0,0,2023,1,6,0,4,Downtrend,Downtrend
4524.39,4550.0,4392.0,4539.35,0,2,2008,6,12,0,3,Uptrend,Uptrend
1110.9,1122.65,1109.65,1112.3,0,1,2001,12,7,0,4,Sideways,Sideways
12039.8,12039.8,11830.25,11843.75,0,0,2019,6,6,0,3,Downtrend,Downtrend
12102.35,12103.55,11990.75,12031.5,0,0,2020,2,10,0,0,Downtrend,Downtrend
1920.5,1944.45,1920.15,1942.6,0,2,2005,5,4,0,2,Uptrend,Uptrend
9908.15,9989.35,9906.6,9979.7,0,2,2017,10,6,0,4,Uptrend,Uptrend
13970.0,14024.85,13936.45,13981.75,0,2,2020,12,31,0,3,Uptrend,Uptrend
8623.9,8624.1,8559.0,8603.45,0,0,2015,7,20,0,0,Downtrend,Downtrend
3939.1,3958.9,3856.7,3942.0,0,1,2007,2,26,0,0,Sideways,Sideways
24489.6,24503.35,24179.05,24199.35,0,0,2024,11,7,0,3,Downtrend,Downtrend
861.35,877.0,859.2,873.7,0,1,2001,9,26,0,2,Sideways,Sideways
1777.85,1782.1,1750.3,1781.05,0,1,2004,10,26,0,1,Sideways,Sideways
8005.1,8128.9,8005.1,8119.3,0,2,2015,10,5,0,0,Uptrend,Uptrend
4861.95,4898.85,4834.2,4866.0,0,2,2012,1,13,0,4,Uptrend,Uptrend
8166.5,8200.0,8150.8,8178.5,0,2,2016,5,30,0,0,Uptrend,Uptrend
11063.9,11076.3,10985.3,11017.0,0,0,2019,8,20,0,1,Downtrend,Downtrend
8053.7,8091.8,7961.65,8001.95,0,2,2015,8,28,0,4,Uptrend,Uptrend
1319.25,1333.55,1300.25,1302.9,0,1,2003,9,22,0,0,Sideways,Sideways
19581.2,19726.25,19551.05,19638.3,0,1,2023,9,29,0,4,Sideways,Sideways
10318.75,10393.65,10277.6,10311.2,0,2,2020,6,22,0,0,Uptrend,Uptrend
1091.34,1099.0,1090.0,1092.84,0,1,2002,1,22,0,1,Sideways,Sideways
1066.05,1082.59,1065.65,1077.7,0,2,2001,12,4,0,1,Uptrend,Uptrend
23637.65,23822.8,23562.8,23742.9,0,2,2025,1,1,0,2,Uptrend,Uptrend
11502.1,11565.3,11499.65,11551.75,0,2,2018,8,20,0,0,Uptrend,Uptrend
1306.0,1333.5,1306.0,1329.1,0,2,2001,1,19,0,4,Uptrend,Uptrend
7896.95,7905.95,7856.95,7879.4,0,2,2014,10,20,0,0,Uptrend,Uptrend
17736.35,17777.55,17707.4,17730.75,0,2,2022,10,24,0,0,Uptrend,Uptrend
5688.45,5718.9,5665.75,5683.7,0,0,2012,11,12,0,0,Downtrend,Downtrend
5989.4,6099.9,5975.55,6083.15,0,2,2013,5,27,0,0,Uptrend,Uptrend
1537.05,1547.65,1516.15,1537.5,0,2,2004,7,2,0,4,Uptrend,Uptrend
8102.1,8102.45,7916.4,7929.1,0,0,2016,11,21,0,0,Downtrend,Downtrend
6186.85,6204.35,6106.95,6122.9,0,0,2013,11,20,0,2,Downtrend,Downtrend
3998.5,4011.0,3933.35,3997.65,0,0,2007,4,19,0,3,Downtrend,Downtrend
6135.95,6144.95,6057.95,6090.9,0,0,2010,10,12,0,1,Downtrend,Downtrend
14837.7,14849.85,14459.5,14637.8,0,0,2021,4,5,0,0,Downtrend,Downtrend
7906.15,7936.6,7874.35,7927.75,0,2,2014,10,21,0,1,Uptrend,Uptrend
8288.7,8410.6,8288.7,8395.4,0,2,2015,1,2,0,4,Uptrend,Uptrend
5882.85,5912.9,5864.35,5884.7,0,2,2011,4,21,0,3,Uptrend,Uptrend
3151.05,3177.4,3130.3,3138.65,0,2,2006,7,4,0,1,Uptrend,Uptrend
1070.3,1071.0,1063.0,1067.15,0,0,2001,11,29,0,3,Downtrend,Downtrend
6105.95,6187.75,6105.95,6135.85,0,2,2010,10,11,0,0,Uptrend,Uptrend
8131.55,8197.35,8128.7,8142.15,0,2,2016,11,29,0,1,Uptrend,Uptrend
8118.65,8151.2,8065.45,8102.1,0,0,2015,1,7,0,2,Downtrend,Downtrend
7718.05,7740.15,7666.1,7713.05,0,0,2016,4,1,0,4,Downtrend,Downtrend
2369.05,2387.0,2355.0,2384.6,0,2,2005,8,31,0,2,Uptrend,Uptrend
5385.1,5422.6,5367.45,5394.85,0,0,2011,5,24,0,1,Downtrend,Downtrend
2314.85,2373.4,2314.19,2370.9,0,2,2005,10,31,0,0,Uptrend,Uptrend
15819.6,15893.55,15779.7,15879.65,0,2,2021,7,7,0,2,Uptrend,Uptrend
10630.7,10633.15,10550.9,10593.15,0,0,2018,6,5,0,1,Downtrend,Downtrend
5882.65,5913.8,5795.9,5907.65,0,2,2010,12,13,0,0,Uptrend,Uptrend
17947.95,17988.75,17757.95,17829.2,0,0,2021,11,3,0,2,Downtrend,Downtrend
2084.6,2096.35,2080.55,2093.25,0,1,2005,3,2,0,2,Sideways,Sideways
25139.35,25233.5,25085.5,25219.9,0,2,2025,7,23,0,2,Uptrend,Uptrend
6447.25,6518.45,6432.7,6504.2,0,1,2014,3,14,0,4,Sideways,Sideways
19525.05,19545.15,19432.85,19528.8,0,2,2023,9,4,0,0,Uptrend,Uptrend
10160.95,10171.05,10134.2,10141.15,0,2,2017,9,20,0,2,Uptrend,Uptrend
4355.75,4428.1,4355.75,4401.55,0,2,2007,8,3,0,4,Uptrend,Uptrend
1110.0,1119.4,1098.7,1102.8,0,2,2002,1,9,0,2,Uptrend,Uptrend
8138.9,8174.3,8084.9,8159.3,0,2,2014,12,18,0,3,Uptrend,Uptrend
1522.05,1524.05,1482.0,1485.3,0,0,2003,10,27,0,0,Downtrend,Downtrend
1355.35,1371.1,1355.35,1365.95,0,2,2001,1,24,0,2,Uptrend,Uptrend
1067.3,1082.4,1046.15,1050.2,0,1,2001,11,20,0,1,Sideways,Sideways
25268.95,25565.3,25259.9,25549.0,0,2,2025,6,26,0,3,Uptrend,Uptrend
9323.45,9324.0,9091.35,9266.75,0,2,2020,4,17,0,4,Uptrend,Uptrend
1146.09,1146.15,1120.34,1136.65,0,0,2001,4,4,0,2,Downtrend,Downtrend
2055.19,2077.69,2055.19,2070.0,0,2,2005,2,9,0,2,Uptrend,Uptrend
18619.15,18641.2,18581.25,18598.65,0,2,2023,5,29,0,0,Uptrend,Uptrend
1075.2,1083.7,1072.95,1078.95,0,2,2001,8,16,0,3,Uptrend,Uptrend
3469.5,3471.95,3351.5,3362.35,0,0,2009,4,28,0,1,Downtrend,Downtrend
17598.4,17643.85,17476.45,17539.45,0,1,2022,9,2,0,4,Sideways,Sideways
6029.15,6071.55,5979.65,5991.3,0,0,2010,9,29,0,2,Downtrend,Downtrend
4796.14,4905.25,4789.89,4898.39,0,2,2009,11,9,0,0,Uptrend,Uptrend
1601.3,1626.4,1601.3,1618.7,0,2,2003,11,4,0,1,Uptrend,Uptrend
2885.4,3062.05,2885.4,3043.85,0,2,2008,11,3,0,0,Uptrend,Uptrend
6098.7,6106.25,5975.55,5985.95,0,0,2013,5,31,0,4,Downtrend,Downtrend
11514.85,11542.65,11393.85,11476.95,0,0,2018,9,5,0,2,Downtrend,Downtrend
5278.6,5310.85,5238.3,5257.95,0,0,2011,11,1,0,1,Downtrend,Downtrend
2813.4,2835.7,2694.5,2799.55,0,0,2008,11,17,0,0,Downtrend,Downtrend
24664.95,24886.2,24567.65,24854.05,0,1,2024,10,18,0,4,Sideways,Sideways
19976.55,20104.65,19956.3,20096.6,0,2,2023,11,29,0,2,Uptrend,Uptrend
2833.8,2861.25,2820.65,2829.1,0,0,2006,1,17,0,1,Downtrend,Downtrend
1393.15,1396.35,1380.65,1393.35,0,2,2001,2,14,0,2,Uptrend,Uptrend
5588.55,5591.7,5521.5,5546.8,0,0,2011,7,27,0,2,Downtrend,Downtrend
5934.0,5949.85,5888.65,5907.4,0,1,2012,12,7,0,4,Sideways,Sideways
3525.6,3555.5,3445.9,3454.8,0,0,2006,4,7,0,4,Downtrend,Downtrend
4830.0,4970.8,4796.35,4942.0,0,2,2008,3,28,0,4,Uptrend,Uptrend
4193.6,4310.0,4193.6,4302.6,0,2,2007,8,27,0,0,Uptrend,Uptrend
1517.1,1559.75,1515.55,1555.9,0,2,2003,10,31,0,4,Uptrend,Uptrend
2002.75,2027.8,2002.75,2024.9,0,0,2005,4,12,0,1,Downtrend,Downtrend
3859.5,3921.7,3856.75,3918.25,0,2,2006,11,21,0,1,Uptrend,Uptrend
16475.35,16653.45,16438.75,16641.8,0,2,2022,7,27,0,2,Uptrend,Uptrend
972.05,974.5,902.7,919.7,0,0,2001,9,14,0,4,Downtrend,Downtrend
5540.8,5546.6,5513.35,5530.65,0,1,2010,8,20,0,4,Sideways,Sideways
6168.35,6183.25,6146.05,6154.7,0,0,2013,12,16,0,0,Downtrend,Downtrend
1992.5,1992.75,1978.9,1988.3,0,0,2005,5,13,0,4,Downtrend,Downtrend
1031.25,1051.75,1031.25,1049.7,0,2,2002,11,28,0,3,Uptrend,Uptrend
6052.85,6069.8,6021.15,6054.3,0,1,2013,1,23,0,2,Sideways,Sideways
5108.85,5131.3,5051.55,5066.7,0,0,2009,12,7,0,0,Downtrend,Downtrend
1478.95,1498.45,1467.75,1477.85,0,1,2003,10,7,0,1,Sideways,Sideways
6205.7,6216.85,6176.6,6200.05,0,2,2014,2,25,0,1,Uptrend,Uptrend
17721.75,17870.3,17584.2,17854.05,0,2,2023,2,3,0,4,Uptrend,Uptrend
9163.9,9296.9,9141.29,9154.4,0,0,2020,4,24,0,4,Downtrend,Downtrend
18044.35,18103.1,17969.4,18028.2,0,0,2022,11,10,0,3,Downtrend,Downtrend
967.7,978.6,966.55,969.1,0,2,2002,8,7,0,2,Uptrend,Uptrend
19417.1,19443.5,19381.3,19396.45,0,2,2023,8,22,0,1,Uptrend,Uptrend
6328.45,6336.25,6287.8,6328.65,0,2,2014,3,5,0,2,Uptrend,Uptrend
1054.65,1059.9,1046.34,1048.05,0,0,2001,9,3,0,0,Downtrend,Downtrend
5159.35,5176.8,5124.25,5141.8,0,2,2009,10,17,0,5,Uptrend,Uptrend
8514.29,8540.05,8476.7,8528.55,0,1,2016,7,19,0,1,Sideways,Sideways
6286.35,6296.55,6179.5,6194.25,0,0,2010,11,11,0,3,Downtrend,Downtrend
22458.8,22497.6,22388.15,22453.3,0,0,2024,4,2,0,1,Downtrend,Downtrend
21688.0,21726.5,21593.75,21647.2,0,2,2024,1,11,0,3,Uptrend,Uptrend
1143.25,1151.55,1138.65,1146.5,0,2,2002,4,12,0,4,Uptrend,Uptrend
9144.75,9160.0,9120.25,9139.3,0,0,2017,4,17,0,0,Downtrend,Downtrend
8790.29,8826.85,8757.29,8777.15,0,2,2016,9,21,0,2,Uptrend,Uptrend
22486.4,22537.6,22427.6,22513.7,0,1,2024,4,5,0,4,Sideways,Sideways
1787.3,1800.25,1776.7,1797.75,0,2,2004,11,1,0,0,Uptrend,Uptrend
4318.75,4362.85,4244.7,4270.3,0,1,2009,5,20,0,2,Sideways,Sideways
1691.95,1720.65,1691.95,1704.45,0,2,2004,3,25,0,3,Uptrend,Uptrend
23192.6,23350.0,23158.45,23332.35,0,1,2025,4,2,0,2,Sideways,Sideways
21715.0,21801.45,21678.0,21778.7,0,2,2023,12,28,0,3,Uptrend,Uptrend
7731.0,7777.55,7706.85,7735.5,0,2,2016,5,5,0,3,Uptrend,Uptrend
5428.75,5478.8,5377.8,5471.75,0,2,2013,8,23,0,4,Uptrend,Uptrend
4231.45,4390.39,4230.14,4374.95,0,2,2009,7,17,0,4,Uptrend,Uptrend
17094.35,17280.15,17064.7,17241.0,0,0,2022,10,10,0,0,Downtrend,Downtrend
23026.75,23183.35,22976.5,23163.1,0,2,2025,1,29,0,2,Uptrend,Uptrend
17935.05,17947.55,17900.59,17916.8,0,1,2021,11,4,0,3,Sideways,Sideways
4793.0,4826.85,4748.1,4757.2,0,1,2010,2,10,0,2,Sideways,Sideways
5944.9,5976.5,5928.45,5971.05,0,1,2013,5,6,0,0,Sideways,Sideways
24642.25,24956.5,24635.0,24768.35,0,0,2025,7,31,0,3,Downtrend,Downtrend
4915.14,5016.6,4897.6,5003.1,0,2,2010,5,27,0,3,Uptrend,Uptrend
4257.6,4298.85,4248.89,4293.25,0,2,2007,5,29,0,1,Uptrend,Uptrend
25030.8,25129.6,24964.65,25052.35,0,2,2024,8,28,0,2,Uptrend,Uptrend
25546.85,25781.5,25508.6,25709.85,0,2,2025,10,17,0,4,Uptrend,Uptrend
1064.15,1071.7,1058.34,1065.59,0,2,2003,2,20,0,3,Uptrend,Uptrend
10310.5,10329.2,10282.04,10322.25,0,2,2017,12,11,0,0,Uptrend,Uptrend
10135.04,10166.6,10079.29,10124.9,0,0,2018,10,25,0,3,Downtrend,Downtrend
21825.2,21951.4,21737.55,21929.4,0,0,2024,2,6,0,1,Downtrend,Downtrend
23344.45,23441.95,23295.95,23322.95,0,2,2024,6,12,0,2,Uptrend,Uptrend
11148.4,11157.15,11113.25,11132.0,0,2,2018,7,25,0,2,Uptrend,Uptrend
7755.25,7873.65,7753.55,7866.05,0,2,2016,5,9,0,0,Uptrend,Uptrend
4314.2,4352.25,4221.89,4235.25,0,1,2009,6,22,0,0,Sideways,Sideways
9107.6,10159.4,8555.15,9955.2,0,2,2020,3,13,0,4,Uptrend,Uptrend
5163.25,5164.2,5108.1,5117.95,0,0,2012,7,23,0,0,Downtrend,Downtrend
8456.65,8460.6,8284.95,8296.3,0,0,2016,11,11,0,4,Downtrend,Downtrend
5901.2,5919.0,5897.15,5905.1,0,1,2012,12,31,0,0,Sideways,Sideways
8556.04,8685.1,8555.9,8677.9,0,2,2016,10,18,0,1,Uptrend,Uptrend
19027.25,19041.7,18837.85,18857.25,0,0,2023,10,26,0,3,Downtrend,Downtrend
6082.75,6097.85,6067.35,6089.5,0,2,2014,1,31,0,4,Uptrend,Uptrend
3633.85,3703.05,3632.2,3690.65,0,1,2007,4,3,0,1,Sideways,Sideways
1001.05,1001.05,972.55,973.5,0,0,2002,7,26,0,4,Downtrend,Downtrend
6792.7,6813.4,6711.75,6733.1,0,0,2014,4,15,0,1,Downtrend,Downtrend
7828.4,7831.2,7763.25,7784.65,0,0,2016,1,5,0,1,Downtrend,Downtrend
10229.29,10276.1,10141.54,10252.1,0,1,2017,12,14,0,3,Sideways,Sideways
1077.84,1079.9,1070.5,1076.0,0,0,2002,12,19,0,3,Downtrend,Downtrend
11953.75,12103.05,11920.1,12088.55,0,2,2019,6,3,0,0,Uptrend,Uptrend
11681.0,11814.4,11651.0,11796.45,0,2,2019,6,25,0,1,Uptrend,Uptrend
4572.5,4664.05,4561.75,4653.0,0,2,2008,6,17,0,1,Uptrend,Uptrend
1125.59,1141.3,1125.5,1134.15,0,2,2003,6,30,0,0,Uptrend,Uptrend
1130.0,1134.09,1121.34,1123.34,0,0,2002,3,27,0,2,Downtrend,Downtrend
1009.5,1026.0,1009.5,1020.15,0,2,2002,11,22,0,4,Uptrend,Uptrend
14754.9,14868.85,14574.15,14789.95,0,2,2021,2,3,0,2,Uptrend,Uptrend
1125.15,1200.25,1114.59,1194.2,0,1,2001,3,14,0,2,Sideways,Sideways
23179.5,23179.5,21281.45,21884.5,0,0,2024,6,4,0,1,Downtrend,Downtrend
8657.29,8657.3,8596.6,8615.25,0,0,2016,10,26,0,2,Downtrend,Downtrend
17615.55,17750.9,17581.34,17691.25,0,2,2021,10,4,0,0,Uptrend,Uptrend
11890.0,11939.55,11823.45,11896.45,0,1,2020,10,22,0,3,Sideways,Sideways
1125.25,1135.0,1123.8,1129.0,0,1,2002,4,18,0,3,Sideways,Sideways
4450.39,4545.39,4450.39,4529.89,0,2,2009,6,1,0,0,Uptrend,Uptrend
4747.55,4758.7,4695.45,4742.8,0,0,2012,1,9,0,0,Downtrend,Downtrend
988.6,994.25,984.35,988.45,0,2,2002,8,21,0,2,Uptrend,Uptrend
5208.3,5257.25,5208.3,5230.1,0,1,2010,4,20,0,1,Sideways,Sideways
2574.44,2602.94,2559.85,2598.0,0,2,2005,9,28,0,2,Uptrend,Uptrend
5116.35,5152.6,5102.1,5133.39,0,2,2010,3,11,0,3,Uptrend,Uptrend
3567.45,3597.2,3563.1,3571.05,0,2,2006,10,10,0,1,Uptrend,Uptrend
2576.69,2585.6,2504.9,2567.3,0,0,2005,9,21,0,2,Downtrend,Downtrend
7695.55,7728.2,7643.8,7714.9,0,2,2016,3,22,0,1,Uptrend,Uptrend
5561.9,5621.5,5561.75,5607.15,0,2,2012,2,21,0,1,Uptrend,Uptrend
1652.1,1658.9,1616.85,1621.6,0,0,2004,8,11,0,2,Downtrend,Downtrend
10671.85,10674.95,10589.1,10596.4,0,0,2018,5,18,0,4,Downtrend,Downtrend
8739.0,8783.95,8719.6,8778.0,0,1,2017,2,16,0,3,Sideways,Sideways
24669.7,24754.4,24526.15,24716.6,0,0,2025,6,2,0,0,Downtrend,Downtrend
22798.6,22910.15,22642.6,22821.4,0,2,2024,6,6,0,3,Uptrend,Uptrend
2698.1,2727.05,2647.1,2652.2,0,0,2005,11,30,0,2,Downtrend,Downtrend
5510.05,5577.6,5510.05,5565.65,0,2,2013,8,8,0,3,Uptrend,Uptrend
9945.85,9964.85,9917.2,9929.9,0,2,2017,9,7,0,3,Uptrend,Uptrend
5633.9,5782.55,5632.65,5762.75,0,2,2007,11,30,0,4,Uptrend,Uptrend
3074.6,3127.25,3064.0,3123.1,0,2,2006,3,1,0,2,Uptrend,Uptrend
9223.7,9250.5,9188.1,9198.3,0,0,2017,4,7,0,4,Downtrend,Downtrend
22103.45,22186.65,22021.05,22122.25,0,2,2024,2,19,0,0,Uptrend,Uptrend
4182.0,4182.0,4074.3,4083.5,0,0,2007,4,27,0,4,Downtrend,Downtrend
4878.6,4922.25,4850.2,4870.2,0,2,2012,5,17,0,3,Uptrend,Uptrend
5298.85,5317.0,5265.95,5287.95,0,2,2012,7,3,0,1,Uptrend,Uptrend
6320.15,6330.3,6297.9,6313.8,0,2,2014,1,21,0,1,Uptrend,Uptrend
25209.0,25261.9,25084.65,25169.5,0,0,2025,9,23,0,1,Downtrend,Downtrend
6723.15,6730.05,6662.4,6704.2,0,2,2014,3,31,0,0,Uptrend,Uptrend
24297.95,24394.45,24149.85,24198.85,0,0,2024,12,18,0,2,Downtrend,Downtrend
3507.45,3517.65,3342.85,3508.35,0,1,2006,4,28,0,4,Sideways,Sideways
9621.54,9627.4,9580.45,9618.15,0,0,2017,6,14,0,2,Downtrend,Downtrend
3933.3,3963.75,3890.75,3911.4,0,0,2007,1,9,0,1,Downtrend,Downtrend
5345.25,5377.6,5331.05,5338.0,0,2,2012,8,8,0,2,Uptrend,Uptrend
4993.35,5072.89,4942.89,5064.3,0,2,2011,9,6,0,1,Uptrend,Uptrend
1643.95,1653.15,1641.8,1650.15,0,2,2004,9,7,0,1,Uptrend,Uptrend
5463.75,5500.6,5412.95,5483.9,0,2,2008,2,5,0,1,Uptrend,Uptrend
1089.9,1098.0,1071.34,1082.3,0,0,2001,12,18,0,1,Downtrend,Downtrend
15840.5,15895.75,15752.1,15772.75,0,2,2021,6,22,0,1,Uptrend,Uptrend
10792.45,10804.45,10630.95,10661.55,0,0,2019,1,28,0,0,Downtrend,Downtrend
971.95,989.05,971.95,986.25,0,2,2001,10,17,0,2,Uptrend,Uptrend
18614.4,18652.9,18387.7,18414.9,0,0,2022,12,15,0,3,Downtrend,Downtrend
2892.0,2932.9,2846.5,2916.9,0,0,2006,6,19,0,0,Downtrend,Downtrend
8774.54,8791.25,8715.0,8769.05,0,2,2017,2,8,0,2,Uptrend,Uptrend
19612.15,19731.85,19562.95,19711.45,0,2,2023,7,17,0,0,Uptrend,Uptrend
25901.2,25934.35,25825.8,25868.6,0,2,2025,10,21,0,1,Uptrend,Uptrend
13012.05,13035.3,12914.3,12968.95,0,1,2020,11,27,0,4,Sideways,Sideways
22762.75,22825.5,22685.45,22704.7,0,0,2024,5,29,0,2,Downtrend,Downtrend
15291.75,15293.85,15163.4,15208.45,0,2,2021,5,25,0,1,Uptrend,Uptrend
1097.59,1103.25,1077.4,1080.25,0,0,2003,1,10,0,4,Downtrend,Downtrend
9657.15,9673.5,9637.45,9653.5,0,2,2017,6,2,0,4,Uptrend,Uptrend
1010.7,1022.75,1010.1,1021.05,0,2,2003,6,4,0,2,Uptrend,Uptrend
9339.65,9414.75,9336.0,9407.3,0,2,2017,5,10,0,2,Uptrend,Uptrend
1193.25,1202.05,1193.25,1198.45,0,2,2001,5,29,0,1,Uptrend,Uptrend
3050.25,3152.3,2985.0,3142.1,0,2,2008,11,4,0,1,Uptrend,Uptrend
17613.7,17707.59,17485.84,17617.15,0,0,2022,1,21,0,4,Downtrend,Downtrend
1094.15,1104.8,1085.3,1090.3,0,0,2002,1,16,0,2,Downtrend,Downtrend
5003.64,5034.7,4921.05,5027.39,0,1,2009,10,6,0,1,Sideways,Sideways
10876.75,10927.9,10814.15,10912.25,0,1,2019,2,4,0,0,Sideways,Sideways
2630.0,2667.05,2629.6,2663.3,0,2,2005,10,4,0,1,Uptrend,Uptrend
4657.39,4679.55,4586.14,4637.7,0,2,2009,6,11,0,3,Uptrend,Uptrend
2776.8,2815.3,2764.65,2812.3,0,2,2005,12,13,0,1,Uptrend,Uptrend
6265.95,6325.2,6265.3,6320.9,0,2,2014,1,15,0,2,Uptrend,Uptrend
10552.0,10600.25,10491.45,10530.0,0,2,2018,11,6,0,1,Uptrend,Uptrend
2927.4,2939.0,2886.55,2893.05,0,2,2009,2,12,0,3,Uptrend,Uptrend
25277.55,25310.35,25060.55,25145.5,0,0,2025,10,14,0,1,Downtrend,Downtrend
8639.79,8667.1,8603.6,8624.05,0,1,2016,8,17,0,2,Sideways,Sideways
8385.95,8576.0,8244.0,8281.1,0,0,2020,3,30,0,0,Downtrend,Downtrend
25935.1,25944.15,25718.2,25795.15,0,0,2025,10,24,0,4,Downtrend,Downtrend
17121.3,17223.85,17064.45,17200.8,0,2,2022,4,26,0,1,Uptrend,Uptrend
5908.3,5935.2,5883.7,5923.85,0,1,2013,6,5,0,2,Sideways,Sideways
11910.1,11911.85,11797.7,11823.3,0,0,2019,6,14,0,4,Downtrend,Downtrend
4189.6,4264.55,4093.2,4252.64,0,1,2008,6,25,0,2,Sideways,Sideways
11877.5,11883.05,11779.9,11797.9,0,0,2020,2,25,0,1,Downtrend,Downtrend
8929.4,8957.54,8849.35,8937.7,0,1,2015,3,5,0,3,Sideways,Sideways
2361.65,2379.4,2356.85,2369.8,0,2,2005,8,16,0,1,Uptrend,Uptrend
5856.1,5924.6,5853.3,5916.3,0,2,2013,4,25,0,3,Uptrend,Uptrend
10013.7,10034.0,10002.29,10016.95,0,2,2017,10,10,0,1,Uptrend,Uptrend
5343.4,5477.85,5343.4,5471.25,0,2,2011,6,24,0,4,Uptrend,Uptrend
1891.95,1898.15,1869.35,1872.35,0,0,2004,11,19,0,4,Downtrend,Downtrend
5889.95,5900.45,5858.45,5867.9,0,2,2013,7,5,0,4,Uptrend,Uptrend
17379.25,17428.8,17315.65,17331.8,0,2,2022,10,6,0,3,Uptrend,Uptrend
18121.3,18127.6,17856.0,17914.15,0,0,2023,1,10,0,1,Downtrend,Downtrend
3832.15,3886.1,3787.55,3815.55,0,1,2006,12,20,0,2,Sideways,Sideways
4501.5,4524.0,4436.6,4469.1,0,2,2009,7,21,0,1,Uptrend,Uptrend
17183.2,17420.34,17149.3,17401.65,0,2,2021,12,2,0,3,Uptrend,Uptrend
1368.55,1368.55,1312.1,1342.05,0,0,2001,1,29,0,0,Downtrend,Downtrend
10783.85,10784.65,10689.8,10718.05,0,0,2018,5,2,0,2,Downtrend,Downtrend
22617.45,22705.75,22417.0,22488.65,0,0,2024,5,30,0,3,Downtrend,Downtrend
1010.95,1013.25,999.85,1005.4,0,0,2001,11,13,0,1,Downtrend,Downtrend
5870.55,5878.4,5825.0,5854.75,0,2,2013,2,25,0,0,Uptrend,Uptrend
13810.4,13898.25,13713.25,13817.55,0,0,2021,1,28,0,3,Downtrend,Downtrend
6179.1,6300.05,6179.1,6274.3,0,2,2008,1,4,0,4,Uptrend,Uptrend
17797.2,17839.1,17764.05,17825.25,0,2,2022,8,16,0,1,Uptrend,Uptrend
21906.55,21953.85,21794.8,21910.75,0,2,2024,2,15,0,3,Uptrend,Uptrend
1133.8,1150.75,1126.34,1144.65,0,2,2003,7,3,0,3,Uptrend,Uptrend
8719.65,8741.85,8689.6,8729.5,0,2,2015,1,21,0,2,Uptrend,Uptrend
17111.8,17145.8,16958.15,17100.05,0,2,2023,3,17,0,4,Uptrend,Uptrend
22231.2,22368.65,22185.2,22302.5,0,1,2024,5,8,0,2,Sideways,Sideways
5011.2,5109.8,4997.64,5099.39,0,2,2011,10,12,0,2,Uptrend,Uptrend
22512.85,22520.25,22470.05,22502.0,0,2,2024,5,18,0,5,Uptrend,Uptrend
10498.2,10534.55,10460.45,10477.9,0,0,2017,12,28,0,3,Downtrend,Downtrend
3955.7,4001.3,3953.95,3997.6,0,2,2006,12,1,0,4,Uptrend,Uptrend
5991.2,6038.2,5980.95,6030.8,0,2,2013,7,15,0,0,Uptrend,Uptrend
1149.09,1151.59,1139.25,1144.95,0,0,2001,5,10,0,3,Downtrend,Downtrend
3681.8,3711.25,3582.85,3620.7,0,0,2009,5,8,0,4,Downtrend,Downtrend
1125.55,1127.05,1097.59,1100.3,0,0,2002,4,19,0,4,Downtrend,Downtrend
5265.3,5298.85,5197.6,5228.2,0,2,2008,5,2,0,4,Uptrend,Uptrend
24985.3,25028.65,24920.05,24964.25,0,0,2024,10,11,0,4,Downtrend,Downtrend
4970.75,5031.2,4967.05,5019.85,0,1,2010,6,2,0,2,Sideways,Sideways
24825.1,24892.6,24677.3,24833.6,0,2,2025,5,29,0,3,Uptrend,Uptrend
979.4,983.55,978.2,979.85,0,2,2002,8,19,0,0,Uptrend,Uptrend
1100.5,1107.2,1088.05,1104.15,0,1,2002,4,22,0,0,Sideways,Sideways
4314.35,4342.0,4285.55,4332.95,0,2,2008,7,31,0,3,Uptrend,Uptrend
7606.55,7652.9,7582.25,7597.0,0,0,2016,3,29,0,1,Downtrend,Downtrend
1072.15,1088.5,1068.34,1083.65,0,2,2001,7,11,0,2,Uptrend,Uptrend
1843.95,1843.95,1798.45,1805.4,0,0,2004,3,11,0,3,Downtrend,Downtrend
1992.1,2019.35,1991.7,2013.9,0,2,2005,5,23,0,0,Uptrend,Uptrend
9859.5,9909.45,9850.79,9884.4,0,2,2017,8,30,0,2,Uptrend,Uptrend
6172.75,6181.05,6124.4,6146.35,0,0,2011,1,4,0,1,Downtrend,Downtrend
6228.9,6288.95,6180.8,6187.25,0,0,2013,11,7,0,3,Downtrend,Downtrend
22521.85,22676.75,22429.05,22460.3,0,0,2025,3,10,0,0,Downtrend,Downtrend
19576.85,19620.45,19524.8,19597.3,0,2,2023,8,7,0,0,Uptrend,Uptrend
1581.6,1609.55,1580.95,1598.1,0,2,2004,7,22,0,3,Uptrend,Uptrend
11661.25,11663.85,11536.7,11633.3,0,0,2020,2,27,0,3,Downtrend,Downtrend
21287.45,21492.3,21235.3,21456.65,0,2,2023,12,15,0,4,Uptrend,Uptrend
6758.35,6789.35,6743.15,6776.3,0,0,2014,4,11,0,4,Downtrend,Downtrend
4899.14,4915.89,4837.95,4905.8,0,0,2011,11,18,0,4,Downtrend,Downtrend
4796.39,4908.5,4788.95,4891.45,0,1,2012,5,18,0,4,Sideways,Sideways
5916.05,5919.95,5888.1,5908.9,0,1,2012,12,10,0,0,Sideways,Sideways
2103.1,2115.1,2073.8,2084.4,0,1,2005,3,1,0,1,Sideways,Sideways
5872.8,5917.65,5864.1,5882.25,0,2,2013,9,26,0,3,Uptrend,Uptrend
8378.9,8415.04,8370.5,8383.29,0,2,2014,11,12,0,2,Uptrend,Uptrend
1055.34,1061.05,1042.2,1044.2,0,0,2002,6,26,0,2,Downtrend,Downtrend
10578.1,10636.8,10569.0,10614.35,0,1,2018,4,24,0,1,Sideways,Sideways
10942.65,11035.1,10827.4,10989.45,0,0,2020,3,6,0,4,Downtrend,Downtrend
4395.8,4515.14,4376.0,4502.85,0,2,2008,8,5,0,1,Uptrend,Uptrend
1685.15,1710.45,1669.7,1696.4,0,0,2004,3,23,0,1,Downtrend,Downtrend
24945.5,25037.3,24940.15,25005.5,0,2,2025,9,11,0,3,Uptrend,Uptrend
8440.1,8497.75,8424.15,8484.9,0,2,2015,7,3,0,4,Uptrend,Uptrend
17315.25,17484.59,17308.95,17469.75,0,2,2021,12,8,0,2,Uptrend,Uptrend
3759.15,3805.85,3750.35,3798.1,0,2,2007,3,29,0,3,Uptrend,Uptrend
5308.2,5308.25,5202.45,5215.45,0,0,2010,4,28,0,2,Downtrend,Downtrend
3577.15,3679.15,3576.65,3655.65,0,1,2007,3,6,0,1,Sideways,Sideways
1750.0,1754.95,1708.3,1716.65,0,0,2004,3,18,0,3,Downtrend,Downtrend
8745.85,8774.15,8727.0,8761.4,0,2,2015,1,22,0,3,Uptrend,Uptrend
4444.7,4444.7,4328.89,4352.3,0,0,2008,9,5,0,4,Downtrend,Downtrend
3888.2,3934.0,3828.15,3928.75,0,2,2006,12,18,0,0,Uptrend,Uptrend
977.65,992.25,977.55,990.8,0,2,2003,5,28,0,2,Uptrend,Uptrend
2129.35,2158.9,2121.1,2125.55,0,0,2005,3,16,0,2,Downtrend,Downtrend
10550.15,10604.9,10525.3,10584.75,0,2,2018,10,16,0,1,Uptrend,Uptrend
4739.3,4739.3,4634.0,4715.89,0,0,2008,6,3,0,1,Downtrend,Downtrend
11852.05,11938.6,11805.2,11914.2,0,2,2020,10,9,0,4,Uptrend,Uptrend
11271.3,11346.8,10866.45,11143.1,0,0,2018,9,21,0,4,Downtrend,Downtrend
955.35,957.9,945.8,948.2,0,0,2002,10,3,0,3,Downtrend,Downtrend
15909.15,16025.75,15785.45,15810.85,0,1,2022,7,5,0,1,Sideways,Sideways
11257.7,11362.9,11189.4,11305.05,0,2,2019,10,11,0,4,Uptrend,Uptrend
14977.95,15092.35,14862.1,14938.1,0,0,2021,3,5,0,4,Downtrend,Downtrend
4230.6,4368.8,4230.6,4360.0,0,2,2008,8,29,0,4,Uptrend,Uptrend
5524.3,5638.6,5514.75,5608.6,0,2,2007,11,23,0,4,Uptrend,Uptrend
8067.5,8476.2,8002.25,8432.0,0,0,2016,11,9,0,2,Downtrend,Downtrend
7902.3,7912.3,7853.3,7864.15,0,0,2015,12,3,0,3,Downtrend,Downtrend
7724.15,7749.0,7697.25,7706.55,0,0,2016,5,4,0,2,Downtrend,Downtrend
1983.2,2000.3,1933.25,1944.45,0,0,2004,1,15,0,3,Downtrend,Downtrend
5227.25,5254.5,5182.6,5192.25,0,0,2008,5,5,0,0,Downtrend,Downtrend
1129.8,1142.3,1129.59,1135.09,0,2,2002,2,13,0,2,Uptrend,Uptrend
7942.25,7967.8,7939.2,7954.35,0,2,2014,8,28,0,3,Uptrend,Uptrend
5109.8,5113.7,4993.35,5040.0,0,2,2011,9,2,0,4,Uptrend,Uptrend
2500.4,2514.75,2476.0,2492.4,0,0,2005,9,14,0,2,Downtrend,Downtrend
16594.4,16649.2,16438.85,16522.75,0,0,2022,6,1,0,2,Downtrend,Downtrend
5920.05,5924.15,5879.1,5897.85,0,0,2013,2,11,0,0,Downtrend,Downtrend
1324.85,1373.9,1322.65,1372.05,0,2,2003,9,24,0,2,Uptrend,Uptrend
8535.75,8535.85,8481.45,8497.05,0,2,2016,11,7,0,0,Uptrend,Uptrend
8962.85,9008.4,8925.54,8996.2,0,2,2015,3,3,0,1,Uptrend,Uptrend
4187.2,4187.2,4044.35,4058.3,0,0,2007,2,12,0,0,Downtrend,Downtrend
7733.15,7764.45,7704.4,7758.8,0,2,2016,4,4,0,0,Uptrend,Uptrend
9520.2,9522.5,9474.35,9491.25,0,1,2017,6,28,0,2,Sideways,Sideways
24204.8,24354.55,24145.65,24274.9,0,2,2024,11,27,0,2,Uptrend,Uptrend
3861.55,3920.05,3790.2,3816.7,0,0,2008,7,16,0,2,Downtrend,Downtrend
5030.3,5112.14,5017.25,5056.6,0,1,2011,8,17,0,2,Sideways,Sideways
5372.75,5422.2,5356.35,5412.35,0,2,2011,5,26,0,3,Uptrend,Uptrend
7725.25,7776.6,7715.75,7750.9,0,2,2015,12,16,0,2,Uptrend,Uptrend
5725.3,5726.1,5594.95,5604.3,0,0,2011,1,27,0,3,Downtrend,Downtrend
23528.6,23632.45,23318.3,23482.15,0,1,2025,2,1,0,5,Sideways,Sideways
5058.95,5074.0,5010.14,5062.25,0,2,2009,11,17,0,1,Uptrend,Uptrend
11513.1,11525.9,11423.35,11472.25,0,2,2020,8,25,0,1,Uptrend,Uptrend
1130.8,1133.5,1116.65,1118.75,0,0,2002,4,16,0,1,Downtrend,Downtrend
15073.25,15188.5,15065.4,15173.3,0,2,2021,2,11,0,3,Uptrend,Uptrend
5547.2,5574.7,5525.0,5565.05,0,2,2011,5,11,0,2,Uptrend,Uptrend
2053.05,2057.5,2024.8,2031.2,0,0,2005,4,8,0,4,Downtrend,Downtrend
5062.64,5348.7,5000.95,5327.25,0,2,2007,10,9,0,1,Uptrend,Uptrend
5941.1,5981.6,5910.25,5919.45,0,0,2013,6,4,0,1,Downtrend,Downtrend
5209.6,5216.39,5196.35,5209.0,0,1,2012,4,28,0,5,Sideways,Sideways
2129.1,2152.75,2129.1,2148.15,0,2,2005,3,4,0,4,Uptrend,Uptrend
23822.45,23873.6,23509.6,23559.05,0,0,2024,11,13,0,2,Downtrend,Downtrend
18113.8,18116.35,18042.4,18089.85,0,0,2023,5,3,0,2,Downtrend,Downtrend
19521.6,19556.85,19257.85,19281.75,0,0,2023,10,23,0,0,Downtrend,Downtrend
11006.95,11078.3,10999.65,11023.2,0,2,2018,7,12,0,3,Uptrend,Uptrend
1033.84,1037.7,1017.35,1020.0,0,0,2001,12,27,0,3,Downtrend,Downtrend
1000.7,1008.8,990.85,1006.95,0,1,2002,9,4,0,2,Sideways,Sideways
4351.14,4351.14,4225.5,4266.39,0,0,2008,6,23,0,0,Downtrend,Downtrend
1025.55,1033.7,1022.05,1030.55,0,2,2003,3,21,0,4,Uptrend,Uptrend
1049.4,1068.9,1049.4,1057.8,0,2,2002,6,28,0,4,Uptrend,Uptrend
12271.0,12311.2,12213.2,12256.8,0,2,2020,1,10,0,4,Uptrend,Uptrend
17566.1,17566.1,17442.8,17534.75,0,2,2022,8,10,0,2,Uptrend,Uptrend
16385.7,16543.59,16376.3,16529.09,0,2,2021,8,13,0,4,Uptrend,Uptrend
1548.7,1562.85,1513.75,1520.8,0,0,2003,10,14,0,1,Downtrend,Downtrend
11609.3,11617.35,11540.6,11559.25,0,2,2020,8,27,0,3,Uptrend,Uptrend
11186.65,11231.9,11142.05,11214.05,0,2,2020,8,7,0,4,Uptrend,Uptrend
1506.05,1533.05,1506.05,1521.9,0,2,2003,10,25,0,5,Uptrend,Uptrend
910.2,910.35,873.7,898.8,0,0,2001,9,20,0,3,Downtrend,Downtrend
21989.9,22080.95,21941.3,22011.95,0,2,2024,3,21,0,3,Uptrend,Uptrend
6187.95,6209.15,6149.9,6160.95,0,0,2013,12,4,0,2,Downtrend,Downtrend
8697.5,8698.75,8636.7,8659.1,0,1,2016,10,19,0,2,Sideways,Sideways
8572.79,8601.15,8540.04,8592.15,0,1,2016,8,11,0,3,Sideways,Sideways
5096.7,5124.45,5040.7,5054.1,0,1,2012,6,11,0,0,Sideways,Sideways
7841.9,7906.95,7817.8,7856.55,0,2,2015,11,20,0,4,Uptrend,Uptrend
12147.75,12150.3,12010.6,12035.8,0,0,2020,1,30,0,3,Downtrend,Downtrend
11120.85,11121.1,11033.9,11049.65,0,0,2018,1,30,0,1,Downtrend,Downtrend
22720.25,22775.7,22673.7,22753.8,0,2,2024,4,10,0,2,Uptrend,Uptrend
1044.45,1047.05,1034.09,1036.0,0,0,2003,2,14,0,4,Downtrend,Downtrend
4999.14,5117.7,4999.14,5111.7,0,2,2008,4,25,0,4,Uptrend,Uptrend
22371.25,22416.9,22269.15,22356.3,0,0,2024,3,5,0,1,Downtrend,Downtrend
21185.25,21482.35,21137.2,21453.95,0,1,2024,1,24,0,2,Sideways,Sideways
6057.1,6080.65,6038.3,6073.3,0,2,2014,2,17,0,0,Uptrend,Uptrend
17796.25,17805.25,17280.45,17416.55,0,0,2021,11,22,0,0,Downtrend,Downtrend
4358.25,4386.45,4342.0,4359.3,0,2,2007,7,4,0,2,Uptrend,Uptrend
1858.25,1872.85,1831.15,1852.65,0,0,2004,2,20,0,4,Downtrend,Downtrend
24233.3,24449.6,24220.0,24414.4,0,1,2025,5,7,0,2,Sideways,Sideways
5943.15,5969.5,5922.95,5932.95,0,2,2013,2,13,0,2,Uptrend,Uptrend
10568.3,10637.8,10489.75,10628.6,0,1,2018,11,26,0,0,Sideways,Sideways
5628.6,5643.35,5608.0,5627.75,0,2,2012,11,22,0,3,Uptrend,Uptrend
7869.5,7877.5,7825.2,7849.25,0,2,2015,11,23,0,0,Uptrend,Uptrend
8260.29,8268.25,8220.54,8248.25,0,1,2014,12,30,0,1,Sideways,Sideways
2212.94,2248.69,2212.94,2234.0,0,2,2005,7,18,0,0,Uptrend,Uptrend
4211.85,4249.5,4155.85,4238.5,0,1,2009,5,22,0,4,Sideways,Sideways
4500.35,4573.0,4496.2,4562.1,0,2,2007,7,19,0,3,Uptrend,Uptrend
2923.75,3017.65,2923.75,2994.75,0,2,2006,6,22,0,3,Uptrend,Uptrend
10361.04,10407.15,10340.2,10399.55,0,2,2017,11,27,0,0,Uptrend,Uptrend
8258.35,8294.4,8217.15,8251.7,0,0,2015,10,21,0,2,Downtrend,Downtrend
1329.3,1351.85,1329.3,1348.0,0,2,2001,1,22,0,0,Uptrend,Uptrend
18774.45,18794.1,18669.05,18688.1,0,0,2023,6,15,0,3,Downtrend,Downtrend
3990.2,3997.55,3777.3,3850.05,0,0,2008,9,29,0,0,Downtrend,Downtrend
7639.55,7694.8,7622.05,7683.65,0,1,2014,8,4,0,0,Sideways,Sideways
23383.55,23390.05,22986.65,23071.8,0,0,2025,2,11,0,1,Downtrend,Downtrend
10804.85,10835.95,10750.15,10771.8,0,2,2019,1,7,0,0,Uptrend,Uptrend
17208.3,17373.5,17077.09,17101.95,0,1,2022,1,28,0,4,Sideways,Sideways
11154.1,11317.75,11151.4,11300.55,0,2,2020,7,28,0,1,Uptrend,Uptrend
10668.6,10713.3,10630.25,10699.9,0,1,2018,7,3,0,1,Sideways,Sideways
3264.65,3292.15,3247.25,3262.3,0,2,2006,3,21,0,1,Uptrend,Uptrend
5354.15,5382.15,5324.9,5339.7,0,1,2010,4,12,0,0,Sideways,Sideways
12223.4,12268.35,12191.15,12259.7,0,2,2019,12,19,0,3,Uptrend,Uptrend
11474.95,11478.75,11419.65,11429.5,0,0,2018,8,10,0,4,Downtrend,Downtrend
19539.45,19588.95,19480.5,19512.35,0,0,2023,10,9,0,0,Downtrend,Downtrend
12261.1,12265.6,12191.35,12226.65,0,0,2020,1,3,0,4,Downtrend,Downtrend
7967.4,7992.0,7834.45,7847.25,0,0,2016,4,28,0,3,Downtrend,Downtrend
5037.05,5074.25,4994.05,5049.3,0,2,2008,4,22,0,1,Uptrend,Uptrend
16518.4,16589.4,16480.75,16563.05,0,2,2021,8,16,0,0,Uptrend,Uptrend
5884.8,5893.85,5842.25,5851.2,0,0,2013,3,13,0,2,Downtrend,Downtrend
5937.95,6013.15,5880.3,5913.2,0,1,2008,1,17,0,3,Sideways,Sideways
17396.55,17442.9,17235.85,17304.6,0,0,2022,2,17,0,3,Downtrend,Downtrend
4819.39,4856.14,4791.55,4829.55,0,2,2009,9,11,0,4,Uptrend,Uptrend
5908.05,5981.8,5893.8,5907.65,0,2,2007,11,19,0,0,Uptrend,Uptrend
4075.2,4140.25,4075.2,4109.05,0,2,2007,1,18,0,3,Uptrend,Uptrend
18294.8,18392.6,18262.95,18285.4,0,0,2023,5,24,0,2,Downtrend,Downtrend
2526.19,2695.95,2526.19,2684.6,0,2,2008,10,28,0,1,Uptrend,Uptrend
5900.05,5972.7,5871.3,5881.0,0,1,2013,6,7,0,4,Sideways,Sideways
5436.1,5447.85,5386.25,5397.55,0,0,2010,7,28,0,2,Downtrend,Downtrend
941.6,941.65,935.8,937.85,0,0,2003,5,9,0,4,Downtrend,Downtrend
8413.35,8475.25,8407.04,8467.9,0,2,2016,7,11,0,0,Uptrend,Uptrend
7823.15,7843.4,7725.05,7731.8,0,0,2015,11,18,0,2,Downtrend,Downtrend
8502.6,8526.6,8479.2,8521.05,0,2,2016,7,12,0,1,Uptrend,Uptrend
4155.2,4161.8,4102.95,4113.05,0,0,2007,6,13,0,2,Downtrend,Downtrend
23801.75,23807.3,23680.45,23696.3,0,1,2025,2,5,0,2,Sideways,Sideways
1287.5,1296.75,1275.95,1280.4,0,0,2001,1,11,0,3,Downtrend,Downtrend
7741.0,7749.4,7587.7,7615.1,0,0,2016,3,28,0,0,Downtrend,Downtrend
5846.9,5886.1,5839.15,5879.6,0,1,2012,12,14,0,4,Sideways,Sideways
22960.45,23137.95,22857.65,22957.25,0,2,2025,1,28,0,1,Uptrend,Uptrend
7669.25,7717.4,7663.35,7708.95,0,2,2016,4,12,0,1,Uptrend,Uptrend
9663.95,9678.55,9630.54,9663.9,0,1,2017,6,7,0,2,Sideways,Sideways
16562.8,16588.0,16490.95,16520.85,0,2,2022,7,20,0,2,Uptrend,Uptrend
1001.5,1006.4,994.2,999.65,0,0,2003,3,13,0,3,Downtrend,Downtrend
5387.85,5399.15,5346.65,5350.25,0,0,2012,8,27,0,0,Downtrend,Downtrend
24184.4,24196.5,24099.7,24143.75,0,1,2024,8,14,0,2,Sideways,Sideways
8201.15,8250.79,8195.65,8224.9,0,2,2015,6,19,0,4,Uptrend,Uptrend
1001.4,1001.4,989.85,992.0,0,0,2002,9,13,0,4,Downtrend,Downtrend
4335.2,4345.05,4283.3,4337.5,0,1,2008,8,26,0,1,Sideways,Sideways
1415.85,1422.95,1376.15,1381.35,0,0,2001,2,16,0,4,Downtrend,Downtrend
2057.3,2081.85,2051.19,2060.9,0,2,2005,2,25,0,4,Uptrend,Uptrend
1304.84,1316.45,1259.09,1271.45,0,0,2001,3,5,0,0,Downtrend,Downtrend
13062.2,13128.4,12962.8,13109.05,0,2,2020,12,1,0,1,Uptrend,Uptrend
4092.2,4168.14,4072.75,4159.5,0,2,2008,7,21,0,0,Uptrend,Uptrend
3183.45,3187.5,3107.9,3116.7,0,0,2006,3,8,0,2,Downtrend,Downtrend
7701.65,7722.1,7674.0,7684.2,0,2,2014,7,21,0,0,Uptrend,Uptrend
22460.3,22468.7,22353.25,22399.15,0,1,2025,4,9,0,2,Sideways,Sideways
2913.35,2927.25,2898.25,2910.1,0,2,2006,1,9,0,0,Uptrend,Uptrend
11827.6,11827.95,11705.1,11724.1,0,1,2019,6,21,0,4,Sideways,Sideways
11259.8,11401.7,11253.15,11385.35,0,2,2020,8,18,0,1,Uptrend,Uptrend
11340.1,11380.75,11250.2,11369.9,0,1,2018,9,12,0,2,Sideways,Sideways
10822.9,10831.05,10753.05,10762.45,0,1,2018,6,25,0,0,Sideways,Sideways
1148.09,1148.09,1094.34,1138.09,0,0,2001,4,2,0,0,Downtrend,Downtrend
4136.25,4163.0,4021.7,4040.55,0,0,2008,6,30,0,0,Downtrend,Downtrend
17905.8,17924.9,17800.3,17826.7,0,0,2023,2,21,0,1,Downtrend,Downtrend
18665.6,18738.95,18636.0,18726.4,0,2,2023,6,7,0,2,Uptrend,Uptrend
10881.2,10939.7,10751.2,10806.65,0,1,2019,2,27,0,2,Sideways,Sideways
1598.55,1618.95,1598.55,1615.2,0,2,2003,11,28,0,4,Uptrend,Uptrend
1076.15,1082.3,1067.65,1070.8,0,0,2001,11,28,0,2,Downtrend,Downtrend
3717.45,3781.45,3713.9,3734.6,0,1,2007,3,12,0,0,Sideways,Sideways
25089.5,25245.2,25088.45,25195.8,0,2,2025,7,15,0,1,Uptrend,Uptrend
5901.3,5907.25,5740.95,5762.85,0,0,2011,1,10,0,0,Downtrend,Downtrend
19784.0,19795.6,19704.6,19733.55,0,1,2023,8,1,0,1,Sideways,Sideways
872.15,910.35,868.5,900.2,0,1,2001,9,18,0,1,Sideways,Sideways
5778.8,5790.05,5530.85,5561.05,0,0,2007,11,21,0,2,Downtrend,Downtrend
8607.1,8624.85,8550.25,8615.25,0,2,2016,10,27,0,3,Uptrend,Uptrend
25843.2,26005.95,25827.0,25966.05,0,2,2025,10,27,0,0,Uptrend,Uptrend
8499.45,8612.6,8493.95,8602.75,0,2,2017,1,25,0,2,Uptrend,Uptrend
17387.65,17532.7,17386.9,17519.45,0,2,2021,9,15,0,2,Uptrend,Uptrend
5216.75,5217.0,5162.39,5204.7,0,2,2012,1,27,0,4,Uptrend,Uptrend
7830.45,7871.45,7826.1,7865.95,0,2,2015,12,23,0,2,Uptrend,Uptrend
3007.15,3038.25,2967.95,2993.65,0,0,2006,7,18,0,1,Downtrend,Downtrend
7637.95,7650.1,7551.65,7585.0,0,0,2014,7,9,0,2,Downtrend,Downtrend
1747.35,1766.15,1739.5,1762.05,0,2,2004,3,29,0,0,Uptrend,Uptrend
3114.7,3198.35,3012.95,3177.7,0,1,2006,5,25,0,3,Sideways,Sideways
4239.55,4256.05,4092.25,4116.7,0,0,2009,5,26,0,1,Downtrend,Downtrend
5402.0,5453.45,5371.7,5386.15,0,1,2010,7,14,0,2,Sideways,Sideways
5448.1,5449.8,5268.15,5281.2,0,0,2012,2,27,0,0,Downtrend,Downtrend
8318.04,8376.79,8317.0,8355.65,0,1,2014,12,10,0,2,Sideways,Sideways
9232.35,9343.6,9170.15,9313.9,0,2,2020,4,23,0,3,Uptrend,Uptrend
9242.5,9246.4,9161.79,9203.45,0,0,2017,4,12,0,2,Downtrend,Downtrend
10645.1,10659.15,10603.6,10637.0,0,2,2018,1,9,0,1,Uptrend,Uptrend
8009.25,8043.6,7947.95,7971.3,0,0,2015,8,31,0,0,Downtrend,Downtrend
25181.9,25485.05,24966.8,25014.6,0,0,2024,10,4,0,4,Downtrend,Downtrend
3697.7,3771.2,3680.6,3764.55,0,2,2007,3,21,0,2,Uptrend,Uptrend
17463.1,17490.7,17161.25,17382.0,0,0,2022,8,4,0,3,Downtrend,Downtrend
4626.45,4626.45,4411.6,4500.95,0,0,2008,6,9,0,0,Downtrend,Downtrend
1020.9,1030.34,1017.5,1026.2,0,2,2002,11,25,0,0,Uptrend,Uptrend
7945.7,8159.25,7583.6,7610.25,0,0,2020,3,23,0,0,Downtrend,Downtrend
10291.79,10355.65,10271.85,10343.8,0,2,2017,10,26,0,3,Uptrend,Uptrend
18398.25,18442.15,18344.15,18409.65,0,2,2022,11,16,0,2,Uptrend,Uptrend
7717.3,7757.1,7695.7,7739.55,0,2,2014,8,13,0,2,Uptrend,Uptrend
1187.5,1192.75,1164.55,1167.84,0,0,2002,3,11,0,0,Downtrend,Downtrend
1169.4,1170.8,1150.3,1152.15,0,0,2002,3,19,0,1,Downtrend,Downtrend
4827.89,4845.6,4783.89,4801.95,0,2,2010,2,15,0,0,Uptrend,Uptrend
21434.8,21482.8,21365.35,21418.65,0,1,2023,12,18,0,0,Sideways,Sideways
4318.39,4346.75,4305.45,4313.75,0,2,2007,7,2,0,0,Uptrend,Uptrend
2690.85,2740.35,2633.8,2708.25,0,2,2008,11,24,0,0,Uptrend,Uptrend
16545.25,16628.55,16495.4,16614.59,0,2,2021,8,17,0,1,Uptrend,Uptrend
1247.0,1260.34,1243.4,1247.75,0,2,2003,8,14,0,3,Uptrend,Uptrend
17031.75,17061.75,16913.75,16951.7,0,0,2023,3,28,0,1,Downtrend,Downtrend
5358.65,5460.25,5318.9,5448.1,0,1,2013,9,4,0,2,Sideways,Sideways
8230.04,8346.0,8220.45,8331.9,0,2,2015,5,4,0,0,Uptrend,Uptrend
1082.5,1086.34,1057.09,1060.75,0,0,2001,12,19,0,2,Downtrend,Downtrend
4007.7,4029.8,3985.0,4024.05,0,2,2007,1,3,0,2,Uptrend,Uptrend
5708.65,5732.15,5669.0,5688.7,0,1,2013,4,17,0,2,Sideways,Sideways
4945.45,5068.05,4945.45,5054.25,0,2,2009,10,12,0,0,Uptrend,Uptrend
1089.45,1118.5,1089.45,1109.8,0,2,2002,1,14,0,0,Uptrend,Uptrend
9453.2,9489.1,9418.1,9429.45,0,0,2017,5,18,0,3,Downtrend,Downtrend
5376.65,5401.35,5374.4,5393.9,0,2,2010,7,16,0,4,Uptrend,Uptrend
6114.45,6127.05,6008.15,6027.3,0,1,2010,10,19,0,1,Sideways,Sideways
23881.55,24087.45,23805.4,24044.5,0,2,2024,6,27,0,3,Uptrend,Uptrend
9803.04,9857.9,9786.75,9852.5,0,2,2017,8,23,0,2,Uptrend,Uptrend
10908.65,10956.7,10886.7,10934.35,0,2,2019,2,5,0,1,Uptrend,Uptrend
1852.45,1871.05,1852.45,1862.8,0,2,2004,11,8,0,0,Uptrend,Uptrend
4866.85,4936.75,4847.25,4921.39,0,0,2008,3,5,0,2,Downtrend,Downtrend
5219.64,5319.45,5177.7,5310.0,0,2,2011,2,11,0,4,Uptrend,Uptrend
3929.4,3973.0,3929.4,3954.5,0,2,2006,11,30,0,3,Uptrend,Uptrend
24636.35,24638.8,24522.95,24572.65,0,2,2024,8,19,0,0,Uptrend,Uptrend
25243.3,25246.25,25018.7,25062.1,0,0,2025,7,24,0,3,Downtrend,Downtrend
5114.7,5145.64,5084.75,5098.35,0,2,2011,10,24,0,0,Uptrend,Uptrend
4081.25,4165.7,4040.15,4153.14,0,1,2007,8,22,0,2,Sideways,Sideways
5132.95,5132.95,5004.25,5034.0,0,0,2010,6,7,0,0,Downtrend,Downtrend
1093.4,1098.59,1091.5,1096.95,0,1,2002,5,3,0,4,Sideways,Sideways
15958.35,15962.25,15882.6,15923.4,0,2,2021,7,16,0,4,Uptrend,Uptrend
2643.8,2643.8,2571.3,2579.1,0,0,2005,10,6,0,3,Downtrend,Downtrend
3189.7,3228.15,3161.8,3176.75,0,0,2006,8,4,0,4,Downtrend,Downtrend
2032.85,2037.7,2007.2,2012.1,0,0,2004,12,17,0,4,Downtrend,Downtrend
4177.0,4208.14,4140.25,4147.1,0,0,2007,6,18,0,0,Downtrend,Downtrend
6050.4,6081.45,5955.7,5967.05,0,0,2013,5,23,0,3,Downtrend,Downtrend
5234.5,5272.85,5232.5,5259.9,0,2,2010,1,14,0,3,Uptrend,Uptrend
4582.35,4611.39,4404.64,4429.89,0,0,2009,6,8,0,0,Downtrend,Downtrend
950.15,951.3,938.7,941.55,0,0,2003,5,8,0,3,Downtrend,Downtrend
5551.1,5736.8,5269.65,5351.0,0,1,2007,10,18,0,3,Sideways,Sideways
6729.5,6732.25,6675.45,6721.05,0,2,2014,4,1,0,1,Uptrend,Uptrend
8442.79,8445.35,8226.04,8236.4,0,0,2015,6,2,0,1,Downtrend,Downtrend
1033.9,1062.3,1033.9,1059.05,0,2,2001,12,31,0,0,Uptrend,Uptrend
1508.15,1509.6,1474.65,1481.35,0,0,2004,6,14,0,0,Downtrend,Downtrend
5805.75,5828.4,5777.9,5822.25,0,0,2013,6,19,0,2,Downtrend,Downtrend
19241.0,19276.25,19210.9,19230.6,0,2,2023,11,3,0,4,Uptrend,Uptrend
17974.85,18034.25,17884.6,17944.2,0,0,2023,2,17,0,4,Downtrend,Downtrend
5754.15,5755.0,5645.65,5655.9,0,0,2013,6,20,0,3,Downtrend,Downtrend
9584.2,9584.5,9351.1,9383.54,0,2,2020,5,13,0,2,Uptrend,Uptrend
4536.3,4617.7,4536.3,4572.5,0,2,2008,6,16,0,0,Uptrend,Uptrend
7651.15,7708.95,7630.4,7649.25,0,0,2014,8,7,0,3,Downtrend,Downtrend
5214.85,5234.55,5154.05,5229.0,0,2,2012,7,31,0,1,Uptrend,Uptrend
2076.55,2086.85,2064.85,2072.4,0,0,2005,5,30,0,0,Downtrend,Downtrend
15705.85,15738.35,15635.95,15722.2,0,1,2021,7,2,0,4,Sideways,Sideways
5541.1,5547.25,5488.45,5505.1,0,0,2010,8,24,0,1,Downtrend,Downtrend
5893.25,6015.5,5877.1,6007.45,0,2,2013,10,9,0,2,Uptrend,Uptrend
5679.55,5679.65,5633.1,5650.5,0,1,2011,7,4,0,0,Sideways,Sideways
2058.69,2065.15,2051.35,2057.1,0,0,2005,2,23,0,2,Downtrend,Downtrend
16481.6,16815.9,16356.3,16793.9,0,2,2022,2,28,0,0,Uptrend,Uptrend
3015.05,3015.05,2910.3,2937.3,0,0,2006,6,6,0,1,Downtrend,Downtrend
982.35,990.0,974.25,976.85,0,1,2003,5,27,0,1,Sideways,Sideways
10311.95,10337.95,10223.6,10312.4,0,0,2020,6,29,0,0,Downtrend,Downtrend
1141.9,1147.9,1134.0,1135.25,0,0,2002,4,8,0,0,Downtrend,Downtrend
11964.75,11981.75,11797.9,11811.15,0,0,2019,7,5,0,4,Downtrend,Downtrend
2696.3,2921.35,2696.3,2885.6,0,2,2008,10,31,0,4,Uptrend,Uptrend
7208.85,7252.4,7200.7,7234.55,0,2,2016,2,22,0,0,Uptrend,Uptrend
24289.4,24337.7,24184.9,24297.5,0,1,2024,8,7,0,2,Sideways,Sideways
8471.04,8501.35,8359.75,8372.75,0,0,2015,8,20,0,3,Downtrend,Downtrend
1066.4,1077.55,1066.2,1074.59,0,2,2001,8,3,0,4,Uptrend,Uptrend
8525.5,8561.35,8483.85,8510.8,0,1,2015,7,7,0,1,Sideways,Sideways
7417.55,7433.3,7391.35,7402.25,0,2,2014,6,4,0,2,Uptrend,Uptrend
1189.59,1197.0,1135.2,1142.05,0,0,2002,2,28,0,3,Downtrend,Downtrend
957.7,959.8,945.0,946.9,0,0,2002,10,24,0,3,Downtrend,Downtrend
4688.39,4743.75,4651.39,4732.35,0,2,2009,8,28,0,4,Uptrend,Uptrend
2062.44,2076.69,2048.85,2055.55,0,0,2005,2,18,0,4,Downtrend,Downtrend
5972.25,5989.8,5926.75,5973.3,0,2,2013,7,17,0,2,Uptrend,Uptrend
4293.85,4337.95,4221.14,4241.85,0,1,2009,6,25,0,3,Sideways,Sideways
7738.05,7761.55,7715.8,7748.85,0,0,2016,5,24,0,1,Downtrend,Downtrend
5201.45,5262.15,5201.45,5248.15,0,2,2012,4,30,0,0,Uptrend,Uptrend
4217.64,4269.35,4217.55,4260.89,0,2,2007,5,21,0,0,Uptrend,Uptrend
3515.6,3574.95,3515.6,3564.9,0,1,2006,10,5,0,3,Sideways,Sideways
16824.25,16840.09,16410.2,16614.2,0,0,2021,12,20,0,0,Downtrend,Downtrend
1983.15,2008.35,1983.15,1990.8,0,2,2005,5,19,0,3,Uptrend,Uptrend
12148.1,12163.55,12024.5,12055.8,0,0,2020,1,28,0,1,Downtrend,Downtrend
8173.1,8212.4,8157.65,8204.0,0,2,2016,6,29,0,2,Uptrend,Uptrend
1526.65,1561.0,1524.15,1558.25,0,2,2004,7,6,0,1,Uptrend,Uptrend
5834.6,5864.95,5834.6,5859.0,0,2,2013,7,9,0,1,Uptrend,Uptrend
4573.3,4636.85,4561.95,4586.89,0,2,2009,6,5,0,4,Uptrend,Uptrend
21529.3,21641.85,21448.65,21618.7,0,1,2024,1,10,0,2,Sideways,Sideways
4780.2,4800.5,4723.64,4750.5,0,0,2011,12,27,0,1,Downtrend,Downtrend
2384.69,2412.35,2382.9,2405.69,0,2,2005,9,1,0,3,Uptrend,Uptrend
5323.25,5348.3,5284.55,5320.6,0,0,2010,6,24,0,3,Downtrend,Downtrend
5851.35,5856.4,5776.95,5785.45,0,0,2011,4,28,0,3,Downtrend,Downtrend
3386.0,3405.3,3377.75,3401.1,0,2,2006,8,28,0,0,Uptrend,Uptrend
4760.55,4810.39,4739.35,4792.64,0,2,2010,2,9,0,1,Uptrend,Uptrend
9865.95,9865.95,9783.65,9837.4,0,0,2017,8,18,0,4,Downtrend,Downtrend
1685.7,1694.45,1675.85,1683.2,0,2,2004,9,15,0,2,Uptrend,Uptrend
3260.05,3286.5,3236.95,3274.35,0,2,2006,8,11,0,4,Uptrend,Uptrend
17913.3,18017.45,17879.15,18003.3,0,2,2022,1,10,0,0,Uptrend,Uptrend
3494.1,3648.25,3491.5,3518.65,0,2,2008,10,14,0,1,Uptrend,Uptrend
4183.75,4205.2,4134.95,4145.6,0,2,2007,6,11,0,0,Uptrend,Uptrend
17711.65,17719.3,17631.95,17659.0,0,2,2022,8,11,0,3,Uptrend,Uptrend
1067.0,1071.5,1054.09,1062.7,0,1,2002,5,27,0,0,Sideways,Sideways
2705.45,2765.55,2661.65,2678.55,0,0,2009,1,23,0,4,Downtrend,Downtrend
8134.35,8190.55,8129.8,8179.5,0,2,2015,10,15,0,3,Uptrend,Uptrend
8633.75,8644.9,8577.15,8590.65,0,1,2016,7,26,0,1,Sideways,Sideways
1081.55,1087.4,1069.45,1071.7,0,0,2002,7,10,0,2,Downtrend,Downtrend
6741.85,6741.85,6685.15,6694.35,0,0,2014,4,4,0,4,Downtrend,Downtrend
24956.65,25062.9,24704.1,24826.2,0,0,2025,5,27,0,1,Downtrend,Downtrend
8081.95,8164.2,8077.05,8156.65,0,2,2016,5,27,0,4,Uptrend,Uptrend
1008.45,1008.45,992.7,995.2,0,0,2002,9,6,0,4,Downtrend,Downtrend
10785.5,10785.5,10652.4,10671.4,0,0,2018,6,27,0,2,Downtrend,Downtrend
1908.85,1934.25,1894.4,1931.85,0,2,2005,1,25,0,1,Uptrend,Uptrend
3764.5,3881.0,3764.5,3875.9,0,2,2007,3,22,0,3,Uptrend,Uptrend
3983.3,3987.45,3913.0,3933.4,0,0,2007,1,8,0,0,Downtrend,Downtrend
4866.14,4893.7,4766.0,4882.05,0,1,2010,1,29,0,4,Sideways,Sideways
22679.65,22783.35,22568.4,22604.85,0,1,2024,4,30,0,1,Sideways,Sideways
4524.8,4578.75,4504.85,4568.55,0,2,2009,7,24,0,4,Uptrend,Uptrend
1094.05,1114.34,1091.05,1107.9,0,2,2001,6,29,0,4,Uptrend,Uptrend
1199.5,1207.0,1173.75,1177.55,0,0,2001,5,30,0,2,Downtrend,Downtrend
21727.0,21804.45,21629.9,21782.5,0,1,2024,2,9,0,4,Sideways,Sideways
18179.15,18261.85,18137.7,18244.2,0,0,2022,11,22,0,1,Downtrend,Downtrend
10056.85,10097.55,10028.04,10093.05,0,2,2017,9,12,0,1,Uptrend,Uptrend
11409.65,11418.5,11362.2,11371.6,0,2,2020,8,21,0,4,Uptrend,Uptrend
3631.9,3631.9,3537.6,3593.45,0,0,2009,5,14,0,3,Downtrend,Downtrend
1069.95,1078.84,1066.8,1077.0,0,2,2002,12,12,0,3,Uptrend,Uptrend
21295.85,21390.5,21232.45,21349.4,0,2,2023,12,22,0,4,Uptrend,Uptrend
25085.3,25220.9,25076.3,25108.3,0,2,2025,10,7,0,1,Uptrend,Uptrend
18044.45,18088.3,18015.45,18070.05,0,2,2022,9,13,0,1,Uptrend,Uptrend
5604.8,5613.7,5548.35,5571.55,0,2,2012,11,20,0,1,Uptrend,Uptrend
25505.1,25587.5,25384.35,25405.3,0,2,2025,7,3,0,3,Uptrend,Uptrend
1110.34,1116.7,1102.45,1105.55,0,0,2001,7,16,0,0,Downtrend,Downtrend
12082.45,12182.75,12070.35,12165.0,0,2,2019,12,17,0,1,Uptrend,Uptrend
15421.2,15469.65,15394.75,15435.65,0,2,2021,5,28,0,4,Uptrend,Uptrend
15712.5,15733.6,15622.35,15670.25,0,2,2021,6,4,0,4,Uptrend,Uptrend
11369.6,11406.3,11340.3,11355.75,0,0,2018,8,13,0,0,Downtrend,Downtrend
9594.04,9615.4,9473.45,9511.4,0,0,2017,6,27,0,1,Downtrend,Downtrend
5348.3,5368.2,5312.1,5322.95,0,0,2012,8,9,0,3,Downtrend,Downtrend
2797.05,2822.25,2771.35,2807.15,0,2,2009,3,19,0,3,Uptrend,Uptrend
4296.05,4325.8,4288.55,4297.05,0,2,2007,6,1,0,4,Uptrend,Uptrend
4290.75,4304.5,4201.85,4214.0,0,0,2008,8,28,0,3,Downtrend,Downtrend
7867.35,7880.0,7799.75,7829.1,0,2,2015,9,15,0,1,Uptrend,Uptrend
6147.55,6156.3,6056.55,6089.05,0,0,2013,10,15,0,1,Downtrend,Downtrend
18357.8,18389.7,18270.4,18297.0,0,2,2023,5,11,0,3,Uptrend,Uptrend
2558.44,2608.85,2558.44,2603.9,0,2,2005,11,17,0,3,Uptrend,Uptrend
17401.55,17436.5,17287.0,17362.09,0,0,2021,9,7,0,1,Downtrend,Downtrend
1726.3,1726.35,1678.4,1685.0,0,0,2004,3,22,0,0,Downtrend,Downtrend
4755.6,4759.39,4743.05,4746.89,0,1,2012,1,7,0,5,Sideways,Sideways
6101.25,6151.3,6094.6,6105.8,0,2,2010,10,25,0,0,Uptrend,Uptrend
8014.8,8021.6,7787.75,7812.0,0,0,2015,9,22,0,1,Downtrend,Downtrend
6303.2,6307.65,6269.25,6275.7,0,2,2010,11,10,0,2,Uptrend,Uptrend
8727.79,8728.35,8638.2,8678.25,0,0,2016,8,9,0,1,Downtrend,Downtrend
11106.55,11141.75,11049.5,11105.35,0,2,2019,8,27,0,1,Uptrend,Uptrend
6056.2,6078.55,6015.05,6047.7,0,0,2007,12,14,0,4,Downtrend,Downtrend
9590.65,9635.3,9581.2,9624.55,0,1,2017,5,30,0,1,Sideways,Sideways
9615.54,9654.15,9595.4,9606.9,0,0,2017,6,13,0,1,Downtrend,Downtrend
1029.25,1047.25,1029.25,1039.75,0,2,2002,6,3,0,0,Uptrend,Uptrend
8516.79,8617.0,8516.25,8588.25,0,2,2014,11,28,0,4,Uptrend,Uptrend
3576.75,3592.75,3517.1,3573.05,0,0,2006,4,21,0,4,Downtrend,Downtrend
11068.75,11180.9,11059.85,11168.05,0,2,2019,3,11,0,0,Uptrend,Uptrend
5766.9,5775.25,5687.7,5701.3,0,0,2011,5,2,0,0,Downtrend,Downtrend
1053.2,1061.2,1046.9,1051.7,0,0,2001,7,27,0,4,Downtrend,Downtrend
1081.9,1083.65,1077.55,1080.3,0,2,2002,7,9,0,1,Uptrend,Uptrend
21578.15,21870.85,21530.2,21840.05,0,2,2024,2,14,0,2,Uptrend,Uptrend
2069.1,2069.15,2045.85,2061.9,0,0,2005,2,17,0,3,Downtrend,Downtrend
5106.6,5120.75,5037.95,5049.95,0,2,2011,10,21,0,4,Uptrend,Uptrend
8769.75,8778.0,8677.35,8712.0,0,0,2015,3,10,0,1,Downtrend,Downtrend
1066.4,1099.8,1060.05,1096.59,0,2,2001,6,26,0,1,Uptrend,Uptrend
5397.85,5415.85,5381.55,5408.9,0,1,2010,7,29,0,3,Sideways,Sideways
1050.95,1059.45,1050.95,1056.2,0,2,2003,6,13,0,4,Uptrend,Uptrend
5682.55,5730.5,5671.25,5724.05,0,2,2011,1,18,0,1,Uptrend,Uptrend
2598.6,2633.9,2589.44,2611.19,0,2,2005,9,29,0,3,Uptrend,Uptrend
1010.9,1024.65,1010.85,1013.5,0,2,2002,9,2,0,0,Uptrend,Uptrend
5537.3,5539.15,5402.0,5417.2,0,0,2011,2,1,0,1,Downtrend,Downtrend
14979.0,15044.35,14814.45,14894.9,0,2,2021,4,29,0,3,Uptrend,Uptrend
6267.2,6317.5,6266.95,6284.5,0,2,2013,12,23,0,0,Uptrend,Uptrend
9461.0,9517.2,9456.35,9512.25,0,2,2017,5,16,0,1,Uptrend,Uptrend
24691.2,24899.85,24613.1,24750.9,0,2,2025,6,5,0,3,Uptrend,Uptrend
8356.54,8356.54,8055.8,8083.8,0,0,2020,4,3,0,4,Downtrend,Downtrend
1037.15,1038.55,1011.95,1013.9,0,0,2003,3,24,0,0,Downtrend,Downtrend
25073.6,25261.4,25070.45,25239.1,0,2,2025,9,16,0,1,Uptrend,Uptrend
18045.7,18229.7,17992.8,18191.0,0,2,2022,12,29,0,3,Uptrend,Uptrend
2406.44,2422.1,2396.1,2415.8,0,2,2005,9,2,0,4,Uptrend,Uptrend
9344.7,9346.3,9298.4,9311.95,0,1,2017,5,3,0,2,Sideways,Sideways
5069.0,5261.35,5034.14,5210.8,0,2,2007,10,3,0,2,Uptrend,Uptrend
1058.84,1071.15,1052.05,1055.3,0,1,2002,1,1,0,1,Sideways,Sideways
2061.6,2079.05,2046.25,2062.6,0,1,2004,12,27,0,0,Sideways,Sideways
4608.75,4647.35,4581.05,4593.55,0,0,2009,9,3,0,3,Downtrend,Downtrend
11722.6,11770.9,11699.35,11712.25,0,0,2019,5,3,0,4,Downtrend,Downtrend
19564.65,19587.05,19525.75,19574.9,0,2,2023,9,5,0,1,Uptrend,Uptrend
972.9,983.6,971.7,973.6,0,2,2002,10,16,0,2,Uptrend,Uptrend
5493.75,5509.3,5458.6,5473.1,0,0,2011,5,30,0,0,Downtrend,Downtrend
8889.15,9093.79,8875.35,9066.54,0,2,2020,5,20,0,2,Uptrend,Uptrend
2555.44,2579.69,2550.44,2567.1,0,2,2005,9,19,0,0,Uptrend,Uptrend
5145.95,5194.3,5135.95,5178.85,0,0,2012,3,29,0,3,Downtrend,Downtrend
2359.19,2365.85,2312.6,2337.6,0,0,2005,8,29,0,0,Downtrend,Downtrend
20108.5,20158.7,20015.85,20133.15,0,2,2023,11,30,0,3,Uptrend,Uptrend
8504.04,8530.75,8452.25,8513.79,0,2,2015,1,16,0,4,Uptrend,Uptrend
7420.35,7463.65,7336.4,7351.0,0,0,2016,1,18,0,0,Downtrend,Downtrend
7901.0,7918.55,7881.15,7897.5,0,2,2014,8,19,0,1,Uptrend,Uptrend
6177.45,6178.55,6147.2,6157.6,0,2,2011,1,3,0,0,Uptrend,Uptrend
11225.0,11225.0,11087.85,11131.8,0,0,2020,7,27,0,0,Downtrend,Downtrend
25134.15,25222.4,25081.3,25141.4,0,2,2025,6,11,0,2,Uptrend,Uptrend
11605.8,11632.55,11571.35,11598.25,0,0,2019,5,6,0,0,Downtrend,Downtrend
8483.7,8603.4,8464.75,8586.2,0,2,2015,4,1,0,2,Uptrend,Uptrend
7997.8,8005.0,7974.55,7995.9,0,2,2014,10,22,0,2,Uptrend,Uptrend
5824.35,5897.9,5722.25,5729.1,0,0,2011,4,18,0,0,Downtrend,Downtrend
998.85,1003.3,985.7,987.7,0,0,2002,8,27,0,1,Downtrend,Downtrend
1868.9,1895.65,1852.5,1879.75,0,1,2003,12,31,0,2,Sideways,Sideways
10405.45,10420.0,10346.2,10360.15,0,1,2018,3,15,0,3,Sideways,Sideways
1852.45,1868.25,1842.45,1860.4,0,2,2004,3,3,0,2,Uptrend,Uptrend
8181.55,8254.95,8089.8,8235.4,0,1,2015,5,13,0,2,Sideways,Sideways
5471.9,5513.95,5471.85,5486.15,0,2,2010,9,2,0,3,Uptrend,Uptrend
1235.34,1249.34,1229.3,1246.9,0,2,2003,8,13,0,2,Uptrend,Uptrend
5492.4,5512.1,5475.65,5487.75,0,0,2011,7,28,0,3,Downtrend,Downtrend
5705.75,5705.8,5609.75,5627.2,0,1,2011,7,1,0,4,Sideways,Sideways
11783.35,11929.65,11756.4,11908.5,0,2,2020,11,4,0,2,Uptrend,Uptrend
9642.65,9698.85,9617.75,9630.0,0,1,2017,6,22,0,3,Sideways,Sideways
5062.35,5091.45,4967.45,5075.7,0,2,2011,9,15,0,3,Uptrend,Uptrend
11452.15,11460.35,11394.1,11408.4,0,2,2020,8,19,0,2,Uptrend,Uptrend
24420.1,24944.8,24378.85,24924.7,0,2,2025,5,12,0,0,Uptrend,Uptrend
6166.65,6224.2,6112.55,6200.1,0,1,2008,1,11,0,4,Sideways,Sideways
944.2,953.45,943.15,952.15,0,2,2003,5,14,0,2,Uptrend,Uptrend
7381.8,7462.75,7364.15,7435.1,0,1,2016,1,19,0,1,Sideways,Sideways
3391.85,3493.05,3205.25,3246.9,0,0,2006,5,19,0,4,Downtrend,Downtrend
5412.95,5413.35,5322.95,5335.15,0,0,2012,2,7,0,1,Downtrend,Downtrend
12012.55,12012.55,11813.4,11829.4,0,0,2020,2,24,0,0,Downtrend,Downtrend
2938.8,2996.5,2923.3,2984.35,0,1,2009,3,25,0,2,Sideways,Sideways
22568.1,22653.75,22465.1,22530.7,0,1,2024,5,31,0,4,Sideways,Sideways
5931.9,5948.55,5819.6,5847.3,0,2,2007,11,5,0,0,Uptrend,Uptrend
22765.1,22768.4,22612.25,22642.75,0,2,2024,4,9,0,1,Uptrend,Uptrend
11725.8,11754.0,11670.2,11699.65,0,0,2019,6,24,0,0,Downtrend,Downtrend
1546.2,1549.65,1496.95,1506.5,0,0,2003,10,21,0,1,Downtrend,Downtrend
10239.4,10285.1,10175.35,10198.4,0,1,2018,10,30,0,1,Sideways,Sideways
11487.2,11535.95,11442.25,11521.8,0,1,2020,9,15,0,1,Sideways,Sideways
7274.85,7287.15,7206.7,7252.9,0,0,2014,5,21,0,2,Downtrend,Downtrend
7897.4,7943.05,7842.7,7852.4,0,0,2014,10,7,0,1,Downtrend,Downtrend
3668.75,3709.6,3610.2,3635.25,0,1,2009,5,13,0,2,Sideways,Sideways
962.85,976.4,959.35,971.9,0,0,2001,10,31,0,2,Downtrend,Downtrend
4986.55,5054.95,4983.25,4997.05,0,1,2009,10,23,0,4,Sideways,Sideways
15064.3,15159.9,15041.05,15115.8,0,2,2021,2,8,0,0,Uptrend,Uptrend
998.95,1005.15,998.8,1001.65,0,2,2002,9,12,0,3,Uptrend,Uptrend
3389.85,3470.65,3389.8,3454.55,0,2,2006,9,13,0,2,Uptrend,Uptrend
5702.45,5739.45,5679.9,5719.7,0,1,2013,3,1,0,4,Sideways,Sideways
22319.2,22432.25,22054.55,22403.85,0,2,2024,5,16,0,3,Uptrend,Uptrend
2804.3,2804.3,2741.8,2749.6,0,0,2005,12,26,0,0,Downtrend,Downtrend
3368.55,3402.7,3368.55,3385.95,0,2,2006,8,25,0,4,Uptrend,Uptrend
25921.45,26011.55,25886.85,25940.4,0,2,2024,9,24,0,1,Uptrend,Uptrend
1126.55,1134.8,1122.34,1131.09,0,2,2001,6,11,0,0,Uptrend,Uptrend
18928.75,19076.15,18926.65,19047.25,0,2,2023,10,27,0,4,Uptrend,Uptrend
10885.2,10962.55,10880.05,10951.7,0,0,2018,12,20,0,3,Downtrend,Downtrend
19659.75,19695.9,19563.1,19646.05,0,0,2023,7,28,0,4,Downtrend,Downtrend
2993.55,3063.2,2920.2,3042.7,0,2,2006,6,23,0,4,Uptrend,Uptrend
8003.3,8019.3,7877.35,7911.85,0,0,2014,9,25,0,3,Downtrend,Downtrend
8530.5,8530.6,8428.04,8477.3,0,1,2015,8,17,0,0,Sideways,Sideways
3414.0,3439.5,3402.9,3435.45,0,2,2006,9,1,0,4,Uptrend,Uptrend
17060.4,17127.7,17016.0,17107.5,0,2,2023,3,21,0,1,Uptrend,Uptrend
8047.55,8100.55,8028.4,8034.85,0,2,2016,12,28,0,2,Uptrend,Uptrend
2463.65,2502.9,2460.0,2492.6,0,2,2005,11,8,0,1,Uptrend,Uptrend
5140.6,5339.95,5090.75,5317.25,0,2,2008,2,1,0,4,Uptrend,Uptrend
15725.1,15773.45,15678.1,15751.65,0,2,2021,6,7,0,0,Uptrend,Uptrend
5077.95,5078.6,4932.14,4944.14,0,0,2011,8,18,0,3,Downtrend,Downtrend
2904.45,2916.2,2884.8,2899.85,0,2,2006,1,5,0,3,Uptrend,Uptrend
12659.7,12735.95,12607.7,12719.95,0,1,2020,11,13,0,4,Sideways,Sideways
11463.65,11588.5,11452.45,11570.0,0,2,2019,3,28,0,3,Uptrend,Uptrend
3109.85,3167.1,3109.85,3156.15,0,2,2006,7,27,0,3,Uptrend,Uptrend
2919.7,2957.4,2891.75,2934.5,0,2,2009,2,10,0,1,Uptrend,Uptrend
2323.1,2359.19,2320.69,2354.5,0,2,2005,8,25,0,3,Uptrend,Uptrend
11542.7,11694.85,11471.35,11600.2,0,2,2019,9,23,0,0,Uptrend,Uptrend
10428.29,10428.7,10323.9,10358.85,0,0,2018,3,5,0,0,Downtrend,Downtrend
976.15,976.15,961.55,963.15,0,0,2002,9,30,0,0,Downtrend,Downtrend
3971.65,3991.6,3960.45,3966.4,0,0,2006,12,29,0,4,Downtrend,Downtrend
8345.7,8364.5,8270.15,8319.0,0,0,2015,5,28,0,3,Downtrend,Downtrend
14594.35,14617.45,14357.85,14433.7,0,0,2021,1,15,0,4,Downtrend,Downtrend
11744.95,11753.2,11678.85,11691.9,0,0,2018,8,29,0,2,Downtrend,Downtrend
2418.44,2434.0,2401.1,2408.5,0,1,2005,10,26,0,2,Sideways,Sideways
13663.1,13692.35,13606.45,13682.7,0,2,2020,12,16,0,2,Uptrend,Uptrend
2607.9,2623.05,2567.75,2601.4,0,0,2005,9,30,0,4,Downtrend,Downtrend
5718.6,5777.3,5711.4,5760.1,0,2,2012,11,7,0,2,Uptrend,Uptrend
8851.25,9053.75,8821.9,8992.79,0,2,2020,4,16,0,3,Uptrend,Uptrend
8636.95,8674.7,8625.25,8666.3,0,2,2016,7,28,0,3,Uptrend,Uptrend
1117.5,1132.95,1114.0,1115.7,0,2,2001,6,6,0,2,Uptrend,Uptrend
4476.2,4539.45,4385.85,4433.55,0,1,2008,7,24,0,3,Sideways,Sideways
5816.75,5850.2,5814.35,5835.25,0,0,2013,3,18,0,0,Downtrend,Downtrend
1405.7,1416.45,1397.6,1402.2,0,2,2001,2,12,0,0,Uptrend,Uptrend
8030.35,8031.2,7944.1,7955.45,0,0,2015,11,5,0,3,Downtrend,Downtrend
4675.8,4773.1,4675.8,4765.3,0,2,2012,1,3,0,1,Uptrend,Uptrend
17580.9,17610.45,17524.0,17546.65,0,1,2021,9,22,0,2,Sideways,Sideways
10014.79,10046.15,9728.5,9914.0,0,2,2020,6,16,0,1,Uptrend,Uptrend
19761.8,19766.65,19492.1,19523.55,0,0,2023,9,28,0,3,Downtrend,Downtrend
1878.9,1914.4,1858.55,1873.25,0,1,2003,12,30,0,1,Sideways,Sideways
3435.55,3483.1,3435.55,3476.85,0,2,2006,9,4,0,0,Uptrend,Uptrend
950.4,956.65,948.9,950.15,0,0,2003,5,7,0,2,Downtrend,Downtrend
958.4,969.9,956.85,960.4,0,2,2001,10,12,0,4,Uptrend,Uptrend
16627.95,16683.7,16603.4,16636.9,0,2,2021,8,26,0,3,Uptrend,Uptrend
10838.3,10860.35,10807.15,10852.9,0,2,2018,7,9,0,0,Uptrend,Uptrend
11087.9,11181.45,11062.8,11109.65,0,2,2019,8,9,0,4,Uptrend,Uptrend
3483.15,3513.95,3483.15,3510.9,0,2,2006,4,5,0,2,Uptrend,Uptrend
17541.95,17709.15,17405.55,17648.95,0,1,2023,1,30,0,0,Sideways,Sideways
14240.95,14244.15,14039.9,14146.25,0,0,2021,1,6,0,2,Downtrend,Downtrend
22045.05,22053.3,21860.15,21930.5,0,2,2024,2,7,0,2,Uptrend,Uptrend
3876.4,3900.4,3863.85,3876.85,0,2,2006,11,16,0,3,Uptrend,Uptrend
3621.65,3682.35,3621.65,3676.05,0,2,2006,10,13,0,4,Uptrend,Uptrend
5251.1,5300.5,5200.95,5210.39,0,0,2010,1,12,0,1,Downtrend,Downtrend
24357.6,24359.3,24119.95,24328.95,0,2,2025,4,23,0,2,Uptrend,Uptrend
10616.7,10621.7,10505.8,10516.7,0,0,2018,5,21,0,0,Downtrend,Downtrend
15794.0,15820.8,15744.6,15812.35,0,2,2021,7,13,0,1,Uptrend,Uptrend
18752.35,18839.7,18660.65,18816.7,0,1,2023,6,20,0,1,Sideways,Sideways
2194.35,2219.65,2188.15,2199.8,0,2,2005,6,27,0,0,Uptrend,Uptrend
24891.35,25012.65,24873.95,24980.65,0,2,2025,8,19,0,1,Uptrend,Uptrend
5105.1,5130.0,5047.6,5054.75,0,0,2012,6,14,0,3,Downtrend,Downtrend
2312.05,2329.9,2294.25,2318.0,0,1,2005,8,1,0,0,Sideways,Sideways
8729.5,8856.95,8717.45,8844.6,0,2,2015,2,27,0,4,Uptrend,Uptrend
12090.6,12134.7,12042.1,12125.9,0,2,2020,2,19,0,2,Uptrend,Uptrend
1140.45,1146.25,1134.05,1140.8,0,2,2001,5,14,0,0,Uptrend,Uptrend
2358.9,2387.3,2355.5,2380.9,0,2,2005,8,11,0,3,Uptrend,Uptrend
22224.8,22307.75,21932.4,21957.5,0,0,2024,5,9,0,3,Downtrend,Downtrend
1131.55,1145.4,1130.2,1133.8,0,2,2003,7,2,0,2,Uptrend,Uptrend
1104.9,1116.84,1056.09,1066.8,0,0,2001,4,11,0,2,Downtrend,Downtrend
1538.15,1562.0,1533.65,1558.8,0,2,2004,7,16,0,4,Uptrend,Uptrend
7111.3,7152.55,7082.55,7123.15,0,2,2014,5,15,0,3,Uptrend,Uptrend
11661.65,11679.6,11534.65,11582.6,0,0,2019,10,24,0,3,Downtrend,Downtrend
7846.75,7882.05,7810.75,7870.15,0,0,2016,5,18,0,2,Downtrend,Downtrend
8407.04,8480.95,8398.15,8475.8,0,2,2017,1,24,0,1,Uptrend,Uptrend
8153.55,8159.3,8070.05,8086.8,0,0,2016,12,2,0,4,Downtrend,Downtrend
14306.6,14382.3,14191.4,14359.45,0,0,2021,4,19,0,0,Downtrend,Downtrend
1518.7,1532.15,1501.7,1505.6,0,0,2004,6,30,0,2,Downtrend,Downtrend
12132.1,12158.8,12099.95,12151.15,0,2,2019,11,28,0,3,Uptrend,Uptrend
1176.4,1193.09,1175.15,1178.5,0,1,2002,3,5,0,1,Sideways,Sideways
6150.6,6182.5,6146.8,6160.5,0,2,2010,11,3,0,2,Uptrend,Uptrend
958.45,973.5,958.45,971.05,0,2,2002,10,11,0,4,Uptrend,Uptrend
22505.3,22525.65,22430.0,22493.55,0,2,2024,3,7,0,3,Uptrend,Uptrend
2983.6,3052.55,2963.3,3041.75,0,2,2008,12,16,0,1,Uptrend,Uptrend
8348.15,8350.6,8297.65,8324.15,0,2,2014,11,3,0,0,Uptrend,Uptrend
8540.0,8559.4,8480.1,8543.55,0,2,2016,11,8,0,1,Uptrend,Uptrend
11601.5,11740.85,11578.85,11726.15,0,2,2019,4,24,0,2,Uptrend,Uptrend
10560.35,10582.35,10527.45,10564.05,0,0,2018,4,20,0,4,Downtrend,Downtrend
1063.09,1074.0,1056.25,1070.05,0,1,2002,6,20,0,3,Sideways,Sideways
7822.7,7829.8,7777.3,7805.9,0,0,2016,5,2,0,0,Downtrend,Downtrend
11566.6,11604.6,11532.0,11557.1,0,0,2018,8,24,0,4,Downtrend,Downtrend
11879.2,11932.65,11853.95,11913.45,0,1,2019,11,11,0,0,Sideways,Sideways
19621.2,19675.75,19589.4,19653.5,0,2,2023,10,6,0,4,Uptrend,Uptrend
4166.0,4215.5,4014.45,4049.0,0,0,2008,7,11,0,4,Downtrend,Downtrend
10469.4,10513.0,10441.45,10504.8,0,2,2018,1,4,0,3,Uptrend,Uptrend
5114.7,5119.95,4983.6,4999.95,0,0,2012,5,8,0,1,Downtrend,Downtrend
5080.55,5118.64,5068.05,5088.7,0,2,2010,3,5,0,4,Uptrend,Uptrend
10175.6,10178.95,10129.95,10147.55,0,0,2017,9,19,0,1,Downtrend,Downtrend
15755.05,15755.55,15667.05,15680.0,0,0,2021,7,1,0,3,Downtrend,Downtrend
4120.8,4249.55,4118.75,4233.5,0,2,2009,7,15,0,2,Uptrend,Uptrend
24277.9,24347.85,24216.15,24246.7,0,2,2025,4,24,0,3,Uptrend,Uptrend
1074.34,1079.3,1070.2,1072.09,0,0,2001,8,7,0,1,Downtrend,Downtrend
2070.1,2075.1,2049.85,2063.35,0,0,2005,2,10,0,3,Downtrend,Downtrend
1590.9,1595.55,1573.7,1578.2,0,0,2004,8,23,0,0,Downtrend,Downtrend
13002.6,13079.1,12978.0,13055.15,0,2,2020,11,24,0,1,Uptrend,Uptrend
5021.5,5089.3,5001.35,5068.95,0,2,2007,10,1,0,0,Uptrend,Uptrend
11675.6,11677.15,11582.4,11596.9,0,0,2019,7,18,0,3,Downtrend,Downtrend
12556.4,12643.9,12475.25,12631.1,0,2,2020,11,10,0,1,Uptrend,Uptrend
23661.15,23667.1,23398.2,23501.1,0,0,2024,6,21,0,4,Downtrend,Downtrend
17194.5,17220.7,17027.85,17063.25,0,1,2022,2,23,0,2,Sideways,Sideways
1788.45,1815.6,1780.3,1808.7,0,2,2003,12,24,0,2,Uptrend,Uptrend
12680.6,12769.75,12571.1,12749.15,0,2,2020,11,11,0,2,Uptrend,Uptrend
7811.1,7879.95,7761.85,7872.25,0,2,2015,9,14,0,0,Uptrend,Uptrend
8530.79,8535.35,8429.45,8463.1,0,0,2014,11,25,0,1,Downtrend,Downtrend
25142.0,25153.65,25054.9,25083.75,0,2,2025,8,21,0,3,Uptrend,Uptrend
5139.2,5169.25,5098.25,5153.25,0,2,2011,9,8,0,3,Uptrend,Uptrend
16847.95,17148.55,16843.8,17092.2,0,0,2022,2,22,0,1,Downtrend,Downtrend
3948.05,3958.0,3873.85,3893.9,0,1,2007,2,27,0,1,Sideways,Sideways
10892.1,10922.45,10835.1,10876.75,0,2,2018,11,30,0,4,Uptrend,Uptrend
12025.65,12028.2,11956.9,11968.4,0,0,2019,11,21,0,3,Downtrend,Downtrend
1001.8,1012.75,1001.8,1008.75,0,2,2002,11,21,0,3,Uptrend,Uptrend
11297.8,11368.0,11294.55,11360.8,0,2,2018,8,3,0,4,Uptrend,Uptrend
5970.4,5990.65,5896.4,5907.5,0,0,2013,7,25,0,3,Downtrend,Downtrend
5225.05,5255.65,5214.89,5233.35,0,2,2010,6,16,0,2,Uptrend,Uptrend
8721.7,8722.65,8663.45,8691.3,0,0,2016,10,25,0,1,Downtrend,Downtrend
23570.8,23579.05,23499.7,23557.9,0,2,2024,6,18,0,1,Uptrend,Uptrend
24949.15,25021.55,24894.35,24967.75,0,1,2025,8,25,0,0,Sideways,Sideways
1617.95,1629.35,1597.2,1600.75,0,2,2004,7,27,0,1,Uptrend,Uptrend
6035.95,6123.5,6035.95,6115.35,0,2,2013,11,25,0,0,Uptrend,Uptrend
1072.4,1099.25,1072.4,1096.2,0,2,2002,1,4,0,4,Uptrend,Uptrend
2645.9,2663.9,2564.1,2576.69,0,0,2009,3,5,0,3,Downtrend,Downtrend
4953.35,4997.3,4953.35,4985.85,0,0,2009,12,22,0,1,Downtrend,Downtrend
7897.8,7955.55,7891.15,7946.35,0,2,2015,12,31,0,3,Uptrend,Uptrend
10534.25,10566.1,10520.1,10558.85,0,2,2018,1,5,0,4,Uptrend,Uptrend
1187.59,1196.55,1139.65,1161.3,0,0,2001,3,23,0,4,Downtrend,Downtrend
11018.95,11019.5,10926.25,10936.85,0,0,2018,7,16,0,0,Downtrend,Downtrend
1178.45,1201.09,1172.3,1177.34,0,1,2002,3,4,0,0,Sideways,Sideways
10812.6,10929.2,10781.4,10801.85,0,1,2018,5,15,0,1,Sideways,Sideways
2961.5,3099.35,2940.2,3091.35,0,1,2006,6,2,0,4,Sideways,Sideways
8144.4,8159.75,8008.1,8017.55,0,0,2014,9,23,0,1,Downtrend,Downtrend
22415.25,22502.15,22345.65,22466.1,0,2,2024,5,17,0,4,Uptrend,Uptrend
13512.3,13579.35,13402.85,13513.85,0,2,2020,12,11,0,4,Uptrend,Uptrend
3061.05,3228.75,3061.05,3211.05,0,2,2009,4,2,0,3,Uptrend,Uptrend
3910.95,3911.95,3841.7,3850.3,0,0,2007,1,10,0,2,Downtrend,Downtrend
1935.65,1950.25,1921.05,1941.3,0,2,2005,4,28,0,3,Uptrend,Uptrend
16578.45,16690.75,16521.9,16584.55,0,2,2022,5,31,0,1,Uptrend,Uptrend
7965.1,7970.05,7893.8,7908.25,0,0,2016,12,26,0,0,Downtrend,Downtrend
2204.4,2212.55,2178.6,2185.1,0,0,2005,7,14,0,3,Downtrend,Downtrend
11019.85,11093.4,11010.95,11084.75,0,2,2018,7,23,0,0,Uptrend,Uptrend
4779.5,4779.5,4640.95,4706.45,0,0,2011,11,23,0,2,Downtrend,Downtrend
3966.0,3966.0,3911.55,3921.75,0,0,2006,11,28,0,1,Downtrend,Downtrend
5555.55,5592.9,5514.55,5541.25,0,1,2011,5,10,0,1,Sideways,Sideways
5251.25,5277.25,5225.6,5237.1,0,0,2010,7,2,0,4,Downtrend,Downtrend
1052.3,1083.2,1052.3,1081.95,0,2,2003,6,17,0,1,Uptrend,Uptrend
5848.75,5868.05,5780.35,5788.8,0,0,2013,6,11,0,1,Downtrend,Downtrend
7695.5,7702.85,7606.9,7612.5,0,0,2015,12,9,0,2,Downtrend,Downtrend
5549.3,5561.45,5486.85,5519.1,0,0,2013,8,7,0,2,Downtrend,Downtrend
5841.9,5863.4,5804.3,5813.6,0,0,2013,6,18,0,1,Downtrend,Downtrend
18201.1,18335.25,18178.85,18314.4,0,2,2023,5,22,0,0,Uptrend,Uptrend
1089.75,1099.15,1087.75,1097.34,0,2,2003,1,9,0,3,Uptrend,Uptrend
5382.1,5421.05,5351.4,5390.2,0,1,2012,2,13,0,0,Sideways,Sideways
1083.05,1086.95,1074.15,1076.9,0,0,2002,2,4,0,0,Downtrend,Downtrend
5171.2,5221.85,5168.75,5201.05,0,2,2009,12,31,0,3,Uptrend,Uptrend
6822.9,6838.0,6806.25,6815.35,0,2,2014,4,22,0,1,Uptrend,Uptrend
4524.2,4529.8,4421.25,4430.7,0,0,2008,8,14,0,3,Downtrend,Downtrend
8710.65,8739.85,8688.9,8726.6,0,0,2016,9,14,0,2,Downtrend,Downtrend
17657.95,17781.75,17608.15,17711.3,0,1,2021,9,29,0,2,Sideways,Sideways
1127.15,1130.65,1106.8,1115.59,0,0,2001,6,5,0,1,Downtrend,Downtrend
11974.6,11978.95,11861.9,11917.2,0,0,2019,11,5,0,1,Downtrend,Downtrend
3321.45,3344.5,3311.85,3325.0,0,2,2006,3,28,0,1,Uptrend,Uptrend
1808.45,1820.9,1783.05,1786.9,0,0,2004,10,12,0,1,Downtrend,Downtrend
11447.8,11493.5,11419.9,11464.45,0,2,2020,9,11,0,4,Uptrend,Uptrend
5120.55,5126.39,4803.6,4857.0,0,0,2008,2,11,0,0,Downtrend,Downtrend
5129.75,5206.6,5129.75,5199.8,0,2,2012,7,30,0,0,Uptrend,Uptrend
5836.05,5861.3,5747.6,5755.05,0,0,2013,7,30,0,1,Downtrend,Downtrend
10742.05,10751.55,10294.45,10451.45,0,0,2020,3,9,0,0,Downtrend,Downtrend
5035.35,5059.64,5007.75,5049.64,0,2,2012,6,7,0,3,Uptrend,Uptrend
1955.25,2014.25,1950.85,2008.3,0,2,2005,1,28,0,4,Uptrend,Uptrend
5283.7,5300.6,5257.75,5275.15,0,0,2012,7,9,0,0,Downtrend,Downtrend
18295.84,18342.05,18167.9,18210.95,0,2,2021,10,27,0,2,Uptrend,Uptrend
985.85,989.4,981.45,987.25,0,2,2002,8,29,0,3,Uptrend,Uptrend
3799.2,3809.95,3737.2,3777.3,0,0,2006,11,8,0,2,Downtrend,Downtrend
8441.25,8454.5,8407.25,8425.9,0,1,2014,11,18,0,1,Sideways,Sideways
5174.0,5190.2,5041.7,5064.25,0,0,2012,6,18,0,0,Downtrend,Downtrend
1009.15,1018.25,1002.75,1016.95,0,2,2003,4,4,0,4,Uptrend,Uptrend
1050.15,1070.15,1050.15,1067.9,0,2,2002,12,2,0,0,Uptrend,Uptrend
3895.3,4107.14,3848.25,4093.35,0,2,2008,7,2,0,2,Uptrend,Uptrend
1072.45,1073.95,1062.15,1064.2,0,0,2001,7,25,0,2,Downtrend,Downtrend
7774.45,7845.6,7754.05,7823.0,0,1,2015,9,3,0,3,Sideways,Sideways
22290.0,22297.5,22186.1,22212.7,0,1,2024,2,23,0,4,Sideways,Sideways
2706.75,2761.1,2698.0,2756.4,0,2,2005,12,9,0,4,Uptrend,Uptrend
16128.2,16140.0,15950.15,15966.65,0,0,2022,7,13,0,2,Downtrend,Downtrend
1021.1,1038.3,1021.1,1035.05,0,2,2003,6,5,0,3,Uptrend,Uptrend
17405.05,17442.4,17199.6,17245.65,0,2,2022,3,23,0,2,Uptrend,Uptrend
3611.3,3683.35,3602.85,3678.9,0,0,2007,3,19,0,0,Downtrend,Downtrend
15762.7,15817.35,15737.8,15778.45,0,2,2021,7,29,0,3,Uptrend,Uptrend
1095.8,1095.8,1084.34,1091.95,0,0,2002,12,30,0,0,Downtrend,Downtrend
2548.55,2576.94,2534.4,2558.69,0,2,2005,11,14,0,0,Uptrend,Uptrend
4074.8,4116.7,3974.6,4008.25,0,1,2008,9,17,0,2,Sideways,Sideways
8240.29,8279.2,8212.2,8262.29,0,2,2015,5,15,0,4,Uptrend,Uptrend
5614.0,5614.4,5459.55,5512.15,0,0,2011,1,28,0,4,Downtrend,Downtrend
1549.65,1571.3,1542.0,1562.8,0,0,2003,11,15,0,5,Downtrend,Downtrend
7636.05,7663.0,7515.5,7558.2,0,1,2014,6,18,0,2,Sideways,Sideways
2008.45,2060.4,2006.35,2057.6,0,2,2005,1,31,0,0,Uptrend,Uptrend
4069.1,4132.7,3998.3,4044.55,0,0,2007,2,13,0,1,Downtrend,Downtrend
23700.95,23736.5,23451.7,23486.85,0,0,2025,3,26,0,2,Downtrend,Downtrend
7828.15,7974.5,7822.55,7962.65,0,2,2016,4,26,0,1,Uptrend,Uptrend
3050.3,3070.35,3050.3,3067.45,0,2,2006,2,27,0,0,Uptrend,Uptrend
17932.2,17943.5,17802.9,17855.09,0,2,2021,9,27,0,0,Uptrend,Uptrend
11079.35,11171.55,11075.95,11130.4,0,2,2018,1,29,0,0,Uptrend,Uptrend
13473.5,13619.45,13432.2,13601.1,0,2,2020,12,23,0,2,Uptrend,Uptrend
24343.3,24343.3,24125.4,24194.5,0,0,2024,11,26,0,1,Downtrend,Downtrend
17421.9,17529.9,17113.45,17154.3,0,0,2023,3,13,0,0,Downtrend,Downtrend
5420.1,5421.9,5327.3,5359.55,0,2,2012,3,12,0,0,Uptrend,Uptrend
10754.7,10754.7,10547.25,10599.25,0,0,2018,10,4,0,3,Downtrend,Downtrend
6323.8,6327.2,6298.25,6301.65,0,1,2014,1,1,0,2,Sideways,Sideways
1110.7,1122.7,1110.7,1117.59,0,2,2002,5,8,0,2,Uptrend,Uptrend
16870.55,17037.6,16820.4,16858.6,0,0,2022,9,28,0,2,Downtrend,Downtrend
4223.5,4305.0,4205.5,4231.39,0,2,2009,7,16,0,3,Uptrend,Uptrend
4958.55,5003.05,4944.14,4965.55,0,2,2009,9,17,0,3,Uptrend,Uptrend
5565.7,5604.95,5507.2,5516.75,0,0,2011,6,3,0,4,Downtrend,Downtrend
3155.75,3240.55,2971.0,2994.95,0,0,2008,11,5,0,2,Downtrend,Downtrend
11605.85,11700.95,11595.6,11691.95,0,2,2018,8,27,0,0,Uptrend,Uptrend
20155.95,20195.35,20115.7,20133.3,0,0,2023,9,18,0,0,Downtrend,Downtrend
11149.95,11225.4,11090.3,11194.15,0,0,2020,7,24,0,4,Downtrend,Downtrend
4977.75,4980.64,4931.05,4955.8,0,2,2012,1,18,0,2,Uptrend,Uptrend
1563.95,1564.0,1534.35,1540.6,0,0,2003,11,19,0,2,Downtrend,Downtrend
1901.9,1943.1,1874.95,1935.35,0,1,2004,1,19,0,0,Sideways,Sideways
1149.84,1165.7,1145.5,1163.5,0,2,2002,2,22,0,4,Uptrend,Uptrend
5907.75,5908.75,5677.0,5705.3,0,0,2008,1,18,0,4,Downtrend,Downtrend
1138.09,1140.2,1117.84,1123.05,0,0,2002,3,26,0,1,Downtrend,Downtrend
5279.05,5279.05,5160.89,5203.64,0,0,2010,4,19,0,0,Downtrend,Downtrend
21018.55,21037.9,20867.15,20906.4,0,0,2023,12,12,0,1,Downtrend,Downtrend
6080.15,6101.3,6040.5,6048.5,0,0,2013,1,22,0,1,Downtrend,Downtrend
5684.8,5735.15,5683.45,5703.3,0,2,2012,9,28,0,4,Uptrend,Uptrend
19246.5,19345.1,19234.4,19322.55,0,2,2023,7,3,0,0,Uptrend,Uptrend
5233.45,5317.7,5118.85,5285.0,0,0,2013,8,28,0,2,Downtrend,Downtrend
3523.65,3570.5,3502.75,3535.85,0,2,2006,4,19,0,2,Uptrend,Uptrend
23165.9,23264.95,23134.15,23176.05,0,1,2025,1,14,0,1,Sideways,Sideways
4302.39,4329.14,4280.6,4320.7,0,2,2007,8,28,0,1,Uptrend,Uptrend
1024.0,1049.4,1000.1,1044.59,0,1,2001,4,16,0,0,Sideways,Sideways
5631.75,5652.2,5585.15,5610.0,0,2,2012,9,17,0,0,Uptrend,Uptrend
1556.5,1605.6,1556.5,1601.65,0,2,2003,11,3,0,0,Uptrend,Uptrend
10705.75,10759.0,10704.6,10739.35,0,2,2018,4,30,0,0,Uptrend,Uptrend
1928.1,1940.95,1900.05,1925.3,0,0,2005,1,20,0,3,Downtrend,Downtrend
4179.5,4195.14,4126.1,4145.0,0,0,2007,6,8,0,4,Downtrend,Downtrend
7545.35,7547.1,7447.4,7486.15,0,2,2016,3,10,0,3,Uptrend,Uptrend
6159.45,6188.35,6118.05,6145.8,0,0,2010,10,5,0,1,Downtrend,Downtrend
1646.4,1677.9,1646.4,1675.85,0,2,2003,12,9,0,1,Uptrend,Uptrend
5469.55,5490.6,5415.65,5432.0,0,1,2011,2,2,0,2,Sideways,Sideways
5477.65,5564.4,5472.45,5551.45,0,2,2011,5,6,0,4,Uptrend,Uptrend
8376.25,8481.6,8370.15,8453.05,0,2,2015,7,1,0,2,Uptrend,Uptrend
25084.1,25143.0,24694.35,24795.75,0,0,2024,10,7,0,0,Downtrend,Downtrend
8180.25,8265.6,8162.85,8170.05,0,0,2016,6,10,0,4,Downtrend,Downtrend
6001.25,6053.2,5988.1,6039.2,0,1,2013,1,17,0,3,Sideways,Sideways
5005.05,5005.05,4806.7,4941.75,0,0,2009,11,27,0,4,Downtrend,Downtrend
5800.05,5874.2,5711.3,5863.25,0,2,2011,1,12,0,2,Uptrend,Uptrend
