symbol;isin;trade_date;exchange;segment;series;trade_type;auction;quantity;price;trade_id;order_id;order_execution_time;expiry_date
NIFTY2590224550PE;;01/09/2025;NSE;FO;;buy;FALSE;75.000.000;50.650.000;1415959;1,1E+15;2025-09-01T09:53:54;02/09/2025
NIFTY2590924550CE;;01/09/2025;NSE;FO;;buy;FALSE;75.000.000;185.700.000;1448983;1,1E+15;2025-09-01T09:54:54;09/09/2025
NIFTY2590924600CE;;01/09/2025;NSE;FO;;sell;FALSE;75.000.000;157.400.000;1181069;1,2E+15;2025-09-01T09:54:58;09/09/2025
NIFTY2590224550PE;;01/09/2025;NSE;FO;;buy;FALSE;75.000.000;51.100.000;1469913;1,1E+15;2025-09-01T09:55:33;02/09/2025
NIFTY2590224800PE;;01/09/2025;NSE;FO;;buy;FALSE;75.000.000;243.100.000;1000741;1,6E+15;2025-09-01T09:56:41;02/09/2025
NIFTY2590224450PE;;01/09/2025;NSE;FO;;buy;FALSE;75.000.000;24.850.000;1003502;1,6E+15;2025-09-01T09:56:50;02/09/2025
NIFTY2590224400PE;;01/09/2025;NSE;FO;;sell;FALSE;75.000.000;15.850.000;975688;1,5E+15;2025-09-01T09:57:02;02/09/2025
NIFTY2590224400PE;;01/09/2025;NSE;FO;;sell;FALSE;225.000.000;15.850.000;975687;1,5E+15;2025-09-01T09:57:02;02/09/2025
NIFTY2590224400CE;;01/09/2025;NSE;FO;;sell;FALSE;75.000.000;186.200.000;977992;1,5E+15;2025-09-01T09:57:19;02/09/2025
NIFTY2590224600PE;;01/09/2025;NSE;FO;;buy;FALSE;75.000.000;44.250.000;5774756;1,2E+15;2025-09-01T14:20:35;02/09/2025
NIFTY2590224550PE;;01/09/2025;NSE;FO;;sell;FALSE;75.000.000;28.450.000;6181005;1,1E+15;2025-09-01T14:21:02;02/09/2025
NIFTY2590224550PE;;01/09/2025;NSE;FO;;sell;FALSE;75.000.000;28.400.000;6181006;1,1E+15;2025-09-01T14:21:02;02/09/2025
NIFTY2590225050PE;;01/09/2025;NSE;FO;;buy;FALSE;75.000.000;424.550.000;3186111;1,4E+15;2025-09-01T14:50:23;02/09/2025
NIFTY2590224600CE;;01/09/2025;NSE;FO;;buy;FALSE;75.000.000;69.400.000;6335456;1,2E+15;2025-09-01T14:50:58;02/09/2025
NIFTY2590924650CE;;01/09/2025;NSE;FO;;buy;FALSE;75.000.000;148.900.000;3774169;1,3E+15;2025-09-01T14:53:02;09/09/2025
NIFTY2591624800CE;;01/09/2025;NSE;FO;;sell;FALSE;75.000.000;147.550.000;3240023;1,6E+15;2025-09-01T14:53:29;16/09/2025
NIFTY25SEP24900CE;;02/09/2025;NSE;FO;;buy;FALSE;150.000.000;212.850.000;496314;1,1E+15;2025-09-02T09:27:26;30/09/2025
NIFTY25SEP24500CE;;02/09/2025;NSE;FO;;sell;FALSE;75.000.000;436.250.000;468703;1E+15;2025-09-02T09:27:33;30/09/2025
NIFTY25SEP24900CE;;02/09/2025;NSE;FO;;buy;FALSE;150.000.000;214.000.000;506002;1,1E+15;2025-09-02T09:27:44;30/09/2025
NIFTY25SEP24500CE;;02/09/2025;NSE;FO;;sell;FALSE;75.000.000;438.800.000;479860;1E+15;2025-09-02T09:27:50;30/09/2025
NIFTY25SEP24500PE;;02/09/2025;NSE;FO;;sell;FALSE;75.000.000;173.250.000;496208;1E+15;2025-09-02T09:28:20;30/09/2025
NIFTY25SEP24300PE;;02/09/2025;NSE;FO;;buy;FALSE;75.000.000;119.000.000;1355221;1,3E+15;2025-09-02T09:28:28;30/09/2025
NIFTY2590224650PE;;02/09/2025;NSE;FO;;buy;FALSE;75.000.000;36.400.000;1428072;1,3E+15;2025-09-02T09:29:43;02/09/2025
NIFTY2590224600PE;;02/09/2025;NSE;FO;;sell;FALSE;75.000.000;19.000.000;1079001;1,2E+15;2025-09-02T09:29:55;02/09/2025
NIFTY2590224700CE;;02/09/2025;NSE;FO;;buy;FALSE;75.000.000;26.600.000;1587799;1,4E+15;2025-09-02T09:34:41;02/09/2025
NIFTY2590224600CE;;02/09/2025;NSE;FO;;sell;FALSE;75.000.000;88.800.000;1382387;1,2E+15;2025-09-02T09:34:47;02/09/2025
NIFTY25NOV25000CE;;02/09/2025;NSE;FO;;buy;FALSE;75.000.000;545.000.000;2229912;1,3E+15;2025-09-02T09:41:02;25/11/2025
NIFTY25NOV25500CE;;02/09/2025;NSE;FO;;sell;FALSE;75.000.000;310.000.000;778039;1,6E+15;2025-09-02T09:41:16;25/11/2025
BANKNIFTY25NOV54000CE;;02/09/2025;NSE;FO;;buy;FALSE;35.000.000;1.745.000.000;89341;1,7E+15;2025-09-02T09:42:26;25/11/2025
BANKNIFTY25NOV55000CE;;02/09/2025;NSE;FO;;sell;FALSE;35.000.000;1.150.000.000;47138;1,9E+15;2025-09-02T09:42:35;25/11/2025
NIFTY2590224700PE;;02/09/2025;NSE;FO;;buy;FALSE;75.000.000;23.350.000;4915252;1,4E+15;2025-09-02T10:25:21;02/09/2025
NIFTY2590224650PE;;02/09/2025;NSE;FO;;sell;FALSE;75.000.000;12.750.000;4034742;1,3E+15;2025-09-02T10:25:29;02/09/2025
NIFTY2590224750CE;;02/09/2025;NSE;FO;;buy;FALSE;75.000.000;31.000.000;3299675;1,5E+15;2025-09-02T10:25:50;02/09/2025
NIFTY2590224700CE;;02/09/2025;NSE;FO;;sell;FALSE;75.000.000;58.900.000;4925993;1,4E+15;2025-09-02T10:25:56;02/09/2025
NIFTY2590924750CE;;02/09/2025;NSE;FO;;buy;FALSE;150.000.000;141.800.000;6471923;1,5E+15;2025-09-02T11:59:32;09/09/2025
NIFTY2590924550CE;;02/09/2025;NSE;FO;;sell;FALSE;75.000.000;277.250.000;2398704;1,1E+15;2025-09-02T11:59:52;09/09/2025
NIFTY2590924650CE;;02/09/2025;NSE;FO;;sell;FALSE;75.000.000;203.600.000;5409235;1,3E+15;2025-09-02T11:59:59;09/09/2025
NIFTY2590224700PE;;02/09/2025;NSE;FO;;sell;FALSE;75.000.000;110.150.000;15154817;1,4E+15;2025-09-02T14:00:41;02/09/2025
NIFTY2590224750CE;;02/09/2025;NSE;FO;;sell;FALSE;75.000.000;1.800.000;12483676;1,5E+15;2025-09-02T14:00:41;02/09/2025
NIFTY25SEP24000PE;;03/09/2025;NSE;FO;;buy;FALSE;75.000.000;88.400.000;132796;1,4E+15;2025-09-03T09:18:22;30/09/2025
NIFTY2590924550CE;;03/09/2025;NSE;FO;;buy;FALSE;75.000.000;137.000.000;242190;1,1E+15;2025-09-03T09:22:12;09/09/2025
BANKNIFTY25OCT55000CE;;03/09/2025;NSE;FO;;buy;FALSE;105.000.000;688.000.000;96313;1,9E+15;2025-09-03T10:07:51;28/10/2025
BANKNIFTY25OCT54500CE;;03/09/2025;NSE;FO;;sell;FALSE;70.000.000;920.500.000;113120;1,8E+15;2025-09-03T10:07:57;28/10/2025
BANKNIFTY25SEP54500CE;;03/09/2025;NSE;FO;;buy;FALSE;35.000.000;507.050.000;117858;1,8E+15;2025-09-03T10:10:23;30/09/2025
BANKNIFTY25SEP54500CE;;03/09/2025;NSE;FO;;buy;FALSE;35.000.000;507.050.000;117859;1,8E+15;2025-09-03T10:10:23;30/09/2025
BANKNIFTY25SEP54000CE;;03/09/2025;NSE;FO;;sell;FALSE;35.000.000;756.100.000;160369;1,7E+15;2025-09-03T10:10:29;30/09/2025
BANKNIFTY25SEP54000CE;;03/09/2025;NSE;FO;;sell;FALSE;35.000.000;752.300.000;164558;1,7E+15;2025-09-03T10:13:16;30/09/2025
NIFTY2590924700CE;;03/09/2025;NSE;FO;;sell;FALSE;75.000.000;79.650.000;1010044;1,4E+15;2025-09-03T10:30:15;09/09/2025
NIFTY2590924600CE;;03/09/2025;NSE;FO;;buy;FALSE;75.000.000;124.000.000;1711735;1,2E+15;2025-09-03T10:30:27;09/09/2025
NIFTY2590924600CE;;03/09/2025;NSE;FO;;buy;FALSE;75.000.000;124.050.000;1711736;1,2E+15;2025-09-03T10:30:27;09/09/2025
NIFTY2590924550CE;;03/09/2025;NSE;FO;;sell;FALSE;75.000.000;152.200.000;1247139;1,1E+15;2025-09-03T10:30:32;09/09/2025
NIFTY2590924750CE;;03/09/2025;NSE;FO;;sell;FALSE;75.000.000;59.450.000;740407;1,5E+15;2025-09-03T10:30:53;09/09/2025
NIFTY2590924750CE;;03/09/2025;NSE;FO;;sell;FALSE;75.000.000;58.900.000;746906;1,5E+15;2025-09-03T10:32:11;09/09/2025
NIFTY2591624700CE;;03/09/2025;NSE;FO;;buy;FALSE;75.000.000;148.550.000;1032651;1,4E+15;2025-09-03T10:33:02;16/09/2025
NIFTY2590924900CE;;04/09/2025;NSE;FO;;buy;FALSE;75.000.000;106.750.000;523056;1,1E+15;2025-09-04T09:24:50;09/09/2025
NIFTY2590924850PE;;04/09/2025;NSE;FO;;buy;FALSE;75.000.000;87.450.000;461432;1E+15;2025-09-04T09:25:15;09/09/2025
NIFTY2590924600CE;;04/09/2025;NSE;FO;;sell;FALSE;75.000.000;313.650.000;390716;1,2E+15;2025-09-04T09:25:25;09/09/2025
NIFTY25SEP24700PE;;04/09/2025;NSE;FO;;buy;FALSE;75.000.000;144.200.000;477557;1,4E+15;2025-09-04T09:31:32;30/09/2025
NIFTY25SEP24000PE;;04/09/2025;NSE;FO;;buy;FALSE;75.000.000;38.850.000;485560;1,4E+15;2025-09-04T09:31:55;30/09/2025
NIFTY25SEP24500PE;;04/09/2025;NSE;FO;;sell;FALSE;75.000.000;97.100.000;658786;1E+15;2025-09-04T09:32:07;30/09/2025
NIFTY25SEP24500PE;;04/09/2025;NSE;FO;;sell;FALSE;75.000.000;97.000.000;658787;1E+15;2025-09-04T09:32:07;30/09/2025
NIFTY2592324600PE;;04/09/2025;NSE;FO;;buy;FALSE;75.000.000;84.000.000;585684;1,2E+15;2025-09-04T09:34:11;23/09/2025
NIFTY2592324500PE;;04/09/2025;NSE;FO;;sell;FALSE;75.000.000;64.000.000;719083;1E+15;2025-09-04T09:34:33;23/09/2025
NIFTY2590924400CE;;04/09/2025;NSE;FO;;buy;FALSE;75.000.000;564.100.000;539095;1,5E+15;2025-09-04T09:35:45;09/09/2025
NIFTY2590924900PE;;04/09/2025;NSE;FO;;sell;FALSE;75.000.000;78.550.000;910278;1,1E+15;2025-09-04T09:35:52;09/09/2025
NIFTY2591625000CE;;04/09/2025;NSE;FO;;buy;FALSE;75.000.000;151.700.000;806665;1,3E+15;2025-09-04T09:36:38;16/09/2025
NIFTY2591624700CE;;04/09/2025;NSE;FO;;sell;FALSE;75.000.000;344.150.000;590899;1,4E+15;2025-09-04T09:36:48;16/09/2025
NIFTY25OCT24000PE;;04/09/2025;NSE;FO;;buy;FALSE;75.000.000;95.550.000;644508;1,4E+15;2025-09-04T09:39:55;28/10/2025
NIFTY25OCT24700PE;;04/09/2025;NSE;FO;;sell;FALSE;75.000.000;231.900.000;645184;1,4E+15;2025-09-04T09:39:58;28/10/2025
NIFTY25OCT23500PE;;04/09/2025;NSE;FO;;buy;FALSE;75.000.000;50.500.000;1053102;1,1E+15;2025-09-04T09:40:19;28/10/2025
NIFTY25OCT23500PE;;04/09/2025;NSE;FO;;buy;FALSE;75.000.000;50.500.000;1053103;1,1E+15;2025-09-04T09:40:19;28/10/2025
NIFTY25OCT24200PE;;04/09/2025;NSE;FO;;sell;FALSE;75.000.000;120.500.000;1062201;1,1E+15;2025-09-04T09:40:33;28/10/2025
NIFTY25OCT24200PE;;04/09/2025;NSE;FO;;sell;FALSE;75.000.000;120.500.000;1062202;1,1E+15;2025-09-04T09:40:33;28/10/2025
NIFTY2590925100CE;;04/09/2025;NSE;FO;;sell;FALSE;75.000.000;36.750.000;639567;1,5E+15;2025-09-04T09:42:42;09/09/2025
NIFTY25OCT26500CE;;04/09/2025;NSE;FO;;buy;FALSE;75.000.000;35.800.000;758311;1,5E+15;2025-09-04T09:56:17;28/10/2025
NIFTY25OCT26500CE;;04/09/2025;NSE;FO;;buy;FALSE;75.000.000;35.750.000;758310;1,5E+15;2025-09-04T09:56:17;28/10/2025
NIFTY25OCT25000CE;;04/09/2025;NSE;FO;;buy;FALSE;75.000.000;468.850.000;1135817;1,3E+15;2025-09-04T09:56:31;28/10/2025
NIFTY25OCT26000CE;;04/09/2025;NSE;FO;;sell;FALSE;150.000.000;94.300.000;995361;1,2E+15;2025-09-04T09:56:31;28/10/2025
NIFTY25OCT24700PE;;04/09/2025;NSE;FO;;buy;FALSE;75.000.000;231.250.000;827426;1,4E+15;2025-09-04T09:58:49;28/10/2025
NIFTY25OCT24900PE;;04/09/2025;NSE;FO;;sell;FALSE;75.000.000;296.000.000;1415609;1,1E+15;2025-09-04T09:58:52;28/10/2025
NIFTY2590925000CE;;04/09/2025;NSE;FO;;buy;FALSE;75.000.000;65.750.000;1220676;1,3E+15;2025-09-04T10:06:00;09/09/2025
NIFTY2590925100CE;;04/09/2025;NSE;FO;;sell;FALSE;75.000.000;35.200.000;823532;1,5E+15;2025-09-04T10:06:06;09/09/2025
BANKNIFTY25OCT53000PE;;04/09/2025;NSE;FO;;buy;FALSE;35.000.000;335.200.000;145827;1,9E+15;2025-09-04T10:14:53;28/10/2025
BANKNIFTY25OCT53000PE;;04/09/2025;NSE;FO;;buy;FALSE;35.000.000;335.350.000;145828;1,9E+15;2025-09-04T10:14:53;28/10/2025
BANKNIFTY25OCT54000PE;;04/09/2025;NSE;FO;;sell;FALSE;35.000.000;613.250.000;202258;1,7E+15;2025-09-04T10:15:11;28/10/2025
BANKNIFTY25OCT55000CE;;04/09/2025;NSE;FO;;buy;FALSE;35.000.000;762.950.000;149586;1,9E+15;2025-09-04T10:15:40;28/10/2025
BANKNIFTY25OCT54000CE;;04/09/2025;NSE;FO;;sell;FALSE;35.000.000;1.307.150.000;205283;1,7E+15;2025-09-04T10:15:47;28/10/2025
BANKNIFTY25OCT52500PE;;04/09/2025;NSE;FO;;buy;FALSE;35.000.000;251.950.000;135275;1,8E+15;2025-09-04T10:16:14;28/10/2025
BANKNIFTY25OCT53500PE;;04/09/2025;NSE;FO;;sell;FALSE;70.000.000;456.950.000;123218;2E+15;2025-09-04T10:16:29;28/10/2025
BANKNIFTY25OCT52000PE;;04/09/2025;NSE;FO;;buy;FALSE;35.000.000;182.100.000;208953;1,7E+15;2025-09-04T10:16:53;28/10/2025
BANKNIFTY25OCT52000PE;;04/09/2025;NSE;FO;;buy;FALSE;35.000.000;181.400.000;209680;1,7E+15;2025-09-04T10:17:05;28/10/2025
BANKNIFTY25OCT52500PE;;04/09/2025;NSE;FO;;sell;FALSE;35.000.000;241.000.000;137246;1,8E+15;2025-09-04T10:17:10;28/10/2025
BANKNIFTY25OCT52500PE;;04/09/2025;NSE;FO;;sell;FALSE;35.000.000;241.050.000;137245;1,8E+15;2025-09-04T10:17:10;28/10/2025
NIFTY2592324850CE;;04/09/2025;NSE;FO;;buy;FALSE;75.000.000;250.000.000;1774436;1E+15;2025-09-04T10:40:04;23/09/2025
NIFTY2592325000CE;;04/09/2025;NSE;FO;;sell;FALSE;75.000.000;174.000.000;1726648;1,3E+15;2025-09-04T10:40:18;23/09/2025
NIFTY2590925100CE;;04/09/2025;NSE;FO;;buy;FALSE;75.000.000;25.600.000;1570952;1,5E+15;2025-09-04T11:37:47;09/09/2025
NIFTY2590924800CE;;04/09/2025;NSE;FO;;sell;FALSE;75.000.000;132.150.000;2210195;1,6E+15;2025-09-04T11:37:56;09/09/2025
NIFTY2590924750PE;;04/09/2025;NSE;FO;;buy;FALSE;75.000.000;91.650.000;3029120;1,5E+15;2025-09-04T14:38:52;09/09/2025
NIFTY2590924800CE;;04/09/2025;NSE;FO;;buy;FALSE;75.000.000;81.550.000;4496414;1,6E+15;2025-09-04T14:39:45;09/09/2025
NIFTY2590924700CE;;04/09/2025;NSE;FO;;sell;FALSE;75.000.000;134.600.000;3021542;1,4E+15;2025-09-04T14:39:58;09/09/2025
NIFTY2590924850PE;;04/09/2025;NSE;FO;;sell;FALSE;75.000.000;151.350.000;4175225;1E+15;2025-09-04T14:40:18;09/09/2025
NIFTY2590924800CE;;05/09/2025;NSE;FO;;buy;FALSE;75.000.000;109.650.000;474931;1,6E+15;2025-09-05T09:21:43;09/09/2025
NIFTY2590924900CE;;05/09/2025;NSE;FO;;sell;FALSE;75.000.000;54.600.000;305842;1,1E+15;2025-09-05T09:22:40;09/09/2025
NIFTY2590925100CE;;05/09/2025;NSE;FO;;buy;FALSE;75.000.000;12.050.000;499319;1,5E+15;2025-09-05T09:31:12;09/09/2025
NIFTY2590925000CE;;05/09/2025;NSE;FO;;sell;FALSE;75.000.000;25.450.000;443380;1,3E+15;2025-09-05T09:31:20;09/09/2025
NIFTY2590924550PE;;05/09/2025;NSE;FO;;buy;FALSE;75.000.000;38.900.000;2916877;1,1E+15;2025-09-05T12:11:34;09/09/2025
NIFTY2590924650PE;;05/09/2025;NSE;FO;;sell;FALSE;75.000.000;70.300.000;3454952;1,3E+15;2025-09-05T12:11:38;09/09/2025
NIFTY2590924700PE;;05/09/2025;NSE;FO;;buy;FALSE;75.000.000;96.400.000;4441271;1,4E+15;2025-09-05T12:12:19;09/09/2025
NIFTY2590924750PE;;05/09/2025;NSE;FO;;sell;FALSE;75.000.000;123.700.000;3385883;1,5E+15;2025-09-05T12:12:26;09/09/2025
NIFTY2590924700CE;;05/09/2025;NSE;FO;;buy;FALSE;150.000.000;81.650.000;4449507;1,4E+15;2025-09-05T12:13:17;09/09/2025
NIFTY2590924550CE;;05/09/2025;NSE;FO;;sell;FALSE;75.000.000;176.500.000;2923947;1,1E+15;2025-09-05T12:13:20;09/09/2025
NIFTY2591624800CE;;05/09/2025;NSE;FO;;buy;FALSE;75.000.000;114.550.000;4698742;1,6E+15;2025-09-05T12:18:47;16/09/2025
NIFTY2591624650CE;;05/09/2025;NSE;FO;;sell;FALSE;75.000.000;187.850.000;3581314;1,3E+15;2025-09-05T12:18:52;16/09/2025
NIFTY2592324650CE;;05/09/2025;NSE;FO;;buy;FALSE;75.000.000;260.000.000;3628465;1,3E+15;2025-09-05T12:22:06;23/09/2025
NIFTY2592324800CE;;05/09/2025;NSE;FO;;sell;FALSE;75.000.000;179.900.000;4730745;1,6E+15;2025-09-05T12:22:16;23/09/2025
NIFTY2590924600PE;;05/09/2025;NSE;FO;;buy;FALSE;75.000.000;58.000.000;3057705;1,2E+15;2025-09-05T12:23:49;09/09/2025
NIFTY2590924700PE;;05/09/2025;NSE;FO;;sell;FALSE;75.000.000;100.250.000;4657366;1,4E+15;2025-09-05T12:23:58;09/09/2025
NIFTY2590924600PE;;05/09/2025;NSE;FO;;buy;FALSE;75.000.000;57.550.000;3060173;1,2E+15;2025-09-05T12:24:13;09/09/2025
NIFTY2590924550PE;;05/09/2025;NSE;FO;;sell;FALSE;75.000.000;42.400.000;3022629;1,1E+15;2025-09-05T12:24:33;09/09/2025
NIFTY2591624750PE;;05/09/2025;NSE;FO;;buy;FALSE;75.000.000;126.700.000;4837805;1,5E+15;2025-09-05T13:55:24;16/09/2025
NIFTY2591624600PE;;05/09/2025;NSE;FO;;sell;FALSE;75.000.000;76.550.000;4477766;1,2E+15;2025-09-05T13:55:26;16/09/2025
NIFTY2592324850CE;;05/09/2025;NSE;FO;;buy;FALSE;75.000.000;209.000.000;4662671;1E+15;2025-09-05T13:59:47;23/09/2025
NIFTY2592324650CE;;05/09/2025;NSE;FO;;sell;FALSE;75.000.000;330.000.000;5502258;1,3E+15;2025-09-05T14:00:06;23/09/2025
NIFTY2590924650PE;;05/09/2025;NSE;FO;;buy;FALSE;75.000.000;30.800.000;5538727;1,3E+15;2025-09-05T14:01:07;09/09/2025
NIFTY2590924600PE;;05/09/2025;NSE;FO;;sell;FALSE;75.000.000;22.750.000;4617771;1,2E+15;2025-09-05T14:01:17;09/09/2025
NIFTY2590924800PE;;05/09/2025;NSE;FO;;buy;FALSE;75.000.000;79.500.000;6496023;1,6E+15;2025-09-05T14:02:59;09/09/2025
NIFTY2591624800CE;;05/09/2025;NSE;FO;;buy;FALSE;75.000.000;167.700.000;6545407;1,6E+15;2025-09-05T14:04:04;16/09/2025
BANKNIFTY25NOV54000CE;;05/09/2025;NSE;FO;;buy;FALSE;35.000.000;1.650.000.000;563902;1,7E+15;2025-09-05T14:07:38;25/11/2025
BANKNIFTY25NOV54000PE;;05/09/2025;NSE;FO;;buy;FALSE;35.000.000;750.000.000;573144;1,7E+15;2025-09-05T14:12:26;25/11/2025
NIFTY2590924700PE;;05/09/2025;NSE;FO;;buy;FALSE;75.000.000;65.550.000;7608487;1,4E+15;2025-09-05T14:40:05;09/09/2025
NIFTY2590924800PE;;05/09/2025;NSE;FO;;sell;FALSE;75.000.000;110.800.000;7378257;1,6E+15;2025-09-05T14:40:33;09/09/2025
NIFTY2590924550CE;;08/09/2025;NSE;FO;;buy;FALSE;75.000.000;299.150.000;985390;1,1E+15;2025-09-08T09:47:46;09/09/2025
NIFTY2590924700CE;;08/09/2025;NSE;FO;;sell;FALSE;75.000.000;164.400.000;968039;1,4E+15;2025-09-08T09:47:49;09/09/2025
NIFTY2590924800PE;;08/09/2025;NSE;FO;;buy;FALSE;75.000.000;45.650.000;1950528;1,6E+15;2025-09-08T09:49:57;09/09/2025
NIFTY2590924600PE;;08/09/2025;NSE;FO;;sell;FALSE;75.000.000;9.850.000;738498;1,2E+15;2025-09-08T09:50:07;09/09/2025
NIFTY2590924700PE;;08/09/2025;NSE;FO;;sell;FALSE;75.000.000;20.850.000;987645;1,4E+15;2025-09-08T09:50:19;09/09/2025
NIFTY2590925000CE;;08/09/2025;NSE;FO;;buy;FALSE;75.000.000;15.100.000;949977;1,3E+15;2025-09-08T10:01:22;09/09/2025
NIFTY2590924800CE;;08/09/2025;NSE;FO;;sell;FALSE;75.000.000;83.050.000;2358063;1,6E+15;2025-09-08T10:01:28;09/09/2025
BANKNIFTY25SEP52000PE;;08/09/2025;NSE;FO;;buy;FALSE;35.000.000;57.450.000;155818;1,7E+15;2025-09-08T10:19:16;30/09/2025
BANKNIFTY25SEP52000PE;;08/09/2025;NSE;FO;;buy;FALSE;35.000.000;50.500.000;370165;1,7E+15;2025-09-08T13:48:07;30/09/2025
BANKNIFTY25SEP53800PE;;08/09/2025;NSE;FO;;sell;FALSE;35.000.000;283.600.000;318190;1,9E+15;2025-09-08T13:48:16;30/09/2025
NIFTY2591624800PE;;08/09/2025;NSE;FO;;sell;FALSE;75.000.000;94.550.000;7816281;1,6E+15;2025-09-08T13:52:00;16/09/2025
NIFTY2591624600PE;;08/09/2025;NSE;FO;;buy;FALSE;75.000.000;43.500.000;3000752;1,2E+15;2025-09-08T13:52:15;16/09/2025
NIFTY2590924850PE;;09/09/2025;NSE;FO;;buy;FALSE;75.000.000;43.000.000;680497;1E+15;2025-09-09T09:20:55;09/09/2025
NIFTY2590924800PE;;09/09/2025;NSE;FO;;sell;FALSE;75.000.000;23.850.000;541476;1,6E+15;2025-09-09T09:21:04;09/09/2025
NIFTY2591624900CE;;09/09/2025;NSE;FO;;buy;FALSE;75.000.000;139.500.000;716865;1,1E+15;2025-09-09T09:22:33;16/09/2025
NIFTY2591624800CE;;09/09/2025;NSE;FO;;sell;FALSE;75.000.000;199.600.000;690616;1,6E+15;2025-09-09T09:22:40;16/09/2025
BANKNIFTY25OCT52000PE;;09/09/2025;NSE;FO;;buy;FALSE;35.000.000;147.300.000;30674;1,7E+15;2025-09-09T09:23:05;28/10/2025
BANKNIFTY25OCT53500PE;;09/09/2025;NSE;FO;;sell;FALSE;35.000.000;380.850.000;25111;2E+15;2025-09-09T09:23:15;28/10/2025
BANKNIFTY25SEP52000PE;;09/09/2025;NSE;FO;;buy;FALSE;35.000.000;48.850.000;34401;1,7E+15;2025-09-09T09:24:06;30/09/2025
BANKNIFTY25SEP53800PE;;09/09/2025;NSE;FO;;sell;FALSE;35.000.000;292.000.000;29590;1,9E+15;2025-09-09T09:24:14;30/09/2025
NIFTY2590924700CE;;09/09/2025;NSE;FO;;buy;FALSE;75.000.000;156.750.000;1957756;1,4E+15;2025-09-09T11:17:31;09/09/2025
NIFTY2590924850PE;;09/09/2025;NSE;FO;;sell;FALSE;75.000.000;39.550.000;5973568;1E+15;2025-09-09T11:19:09;09/09/2025
NIFTY2590924900PE;;09/09/2025;NSE;FO;;buy;FALSE;75.000.000;71.550.000;4381686;1,1E+15;2025-09-09T11:19:09;09/09/2025
NIFTY2590925000CE;;09/09/2025;NSE;FO;;sell;FALSE;150.000.000;5.050.000;2000231;1,3E+15;2025-09-09T11:19:10;09/09/2025
NIFTY2591625000PE;;10/09/2025;NSE;FO;;buy;FALSE;75.000.000;109.450.000;590944;1,3E+15;2025-09-10T09:30:04;16/09/2025
NIFTY2591624900PE;;10/09/2025;NSE;FO;;sell;FALSE;75.000.000;71.600.000;385021;1,1E+15;2025-09-10T09:30:17;16/09/2025
NIFTY2591625100CE;;10/09/2025;NSE;FO;;buy;FALSE;150.000.000;75.300.000;290779;1,5E+15;2025-09-10T09:30:52;16/09/2025
NIFTY2591625000CE;;10/09/2025;NSE;FO;;sell;FALSE;150.000.000;123.700.000;646667;1,3E+15;2025-09-10T09:32:14;16/09/2025
NIFTY2591624500CE;;10/09/2025;NSE;FO;;buy;FALSE;75.000.000;525.950.000;324167;1E+15;2025-09-10T09:32:49;16/09/2025
NIFTY2591625000CE;;10/09/2025;NSE;FO;;sell;FALSE;75.000.000;124.600.000;680304;1,3E+15;2025-09-10T09:33:40;16/09/2025
NIFTY2592325100CE;;10/09/2025;NSE;FO;;buy;FALSE;150.000.000;148.100.000;332486;1,5E+15;2025-09-10T09:34:56;23/09/2025
NIFTY2592324850CE;;10/09/2025;NSE;FO;;sell;FALSE;150.000.000;296.700.000;354886;1E+15;2025-09-10T09:35:24;23/09/2025
NIFTY2591625100CE;;10/09/2025;NSE;FO;;buy;FALSE;75.000.000;78.500.000;350378;1,5E+15;2025-09-10T09:35:57;16/09/2025
NIFTY2591624900CE;;10/09/2025;NSE;FO;;sell;FALSE;75.000.000;187.100.000;467928;1,1E+15;2025-09-10T09:36:07;16/09/2025
NIFTY2591625150CE;;10/09/2025;NSE;FO;;buy;FALSE;225.000.000;71.400.000;476221;1,6E+15;2025-09-10T09:45:17;16/09/2025
NIFTY2591625100CE;;10/09/2025;NSE;FO;;sell;FALSE;225.000.000;91.000.000;495225;1,5E+15;2025-09-10T09:45:24;16/09/2025
BANKNIFTY25NOV54500CE;;10/09/2025;NSE;FO;;buy;FALSE;35.000.000;1.625.000.000;234958;1,8E+15;2025-09-10T10:51:18;25/11/2025
BANKNIFTY25NOV54000CE;;10/09/2025;NSE;FO;;sell;FALSE;35.000.000;1.950.000.000;293937;1,7E+15;2025-09-10T10:51:44;25/11/2025
BANKNIFTY25NOV54500CE;;10/09/2025;NSE;FO;;buy;FALSE;35.000.000;1.625.000.000;235844;1,8E+15;2025-09-10T10:52:23;25/11/2025
BANKNIFTY25NOV54000CE;;10/09/2025;NSE;FO;;sell;FALSE;35.000.000;1.950.000.000;295163;1,7E+15;2025-09-10T10:52:40;25/11/2025
NIFTY25NOV25200CE;;10/09/2025;NSE;FO;;buy;FALSE;75.000.000;550.000.000;980924;1E+15;2025-09-10T10:55:07;25/11/2025
NIFTY25NOV25000CE;;10/09/2025;NSE;FO;;sell;FALSE;75.000.000;666.000.000;2154530;1,3E+15;2025-09-10T10:55:49;25/11/2025
NIFTY25OCTFUT;;10/09/2025;NSE;FO;;buy;FALSE;75.000.000;25.219.800.000;1012107;1E+15;2025-09-10T11:02:16;28/10/2025
NIFTY25SEPFUT;;10/09/2025;NSE;FO;;sell;FALSE;75.000.000;25.105.500.000;1012344;1E+15;2025-09-10T11:02:21;30/09/2025
NIFTY25OCTFUT;;10/09/2025;NSE;FO;;buy;FALSE;75.000.000;25.219.000.000;1013035;1E+15;2025-09-10T11:02:36;28/10/2025
NIFTY25SEPFUT;;10/09/2025;NSE;FO;;sell;FALSE;75.000.000;25.105.000.000;1013200;1E+15;2025-09-10T11:02:40;30/09/2025
NIFTY25OCT24500PE;;10/09/2025;NSE;FO;;buy;FALSE;75.000.000;134.600.000;1020201;1E+15;2025-09-10T11:04:43;28/10/2025
NIFTY25OCT25100PE;;10/09/2025;NSE;FO;;sell;FALSE;75.000.000;304.450.000;1181384;1,5E+15;2025-09-10T11:04:48;28/10/2025
NIFTY25NOV25000PE;;10/09/2025;NSE;FO;;buy;FALSE;75.000.000;340.000.000;3349466;1,3E+15;2025-09-10T12:51:26;25/11/2025
BANKNIFTY25SEP56500PE;;10/09/2025;NSE;FO;;buy;FALSE;35.000.000;1.768.350.000;337288;1,8E+15;2025-09-10T13:02:00;30/09/2025
BANKNIFTY25SEP55500PE;;10/09/2025;NSE;FO;;sell;FALSE;35.000.000;946.450.000;262659;2E+15;2025-09-10T13:02:07;30/09/2025
BANKNIFTY25SEP54000PE;;10/09/2025;NSE;FO;;buy;FALSE;35.000.000;254.700.000;431801;1,7E+15;2025-09-10T13:02:13;30/09/2025
BANKNIFTY25SEP55500PE;;10/09/2025;NSE;FO;;sell;FALSE;35.000.000;947.850.000;262762;2E+15;2025-09-10T13:02:20;30/09/2025
NIFTY2592324950CE;;10/09/2025;NSE;FO;;buy;FALSE;75.000.000;214.050.000;2149851;1,2E+15;2025-09-10T13:18:56;23/09/2025
NIFTY2592325050CE;;10/09/2025;NSE;FO;;sell;FALSE;75.000.000;160.300.000;2019872;1,4E+15;2025-09-10T13:19:09;23/09/2025
NIFTY2591625150CE;;10/09/2025;NSE;FO;;sell;FALSE;75.000.000;49.050.000;1559663;1,6E+15;2025-09-10T13:20:14;16/09/2025
NIFTY2591624800PE;;10/09/2025;NSE;FO;;buy;FALSE;75.000.000;46.300.000;1560659;1,6E+15;2025-09-10T13:20:25;16/09/2025
NIFTY2591624750PE;;10/09/2025;NSE;FO;;sell;FALSE;75.000.000;36.250.000;1887272;1,5E+15;2025-09-10T13:20:44;16/09/2025
NIFTY2592325100CE;;11/09/2025;NSE;FO;;buy;FALSE;75.000.000;148.000.000;1899433;1,5E+15;2025-09-11T15:05:20;23/09/2025
NIFTY2592324950CE;;11/09/2025;NSE;FO;;sell;FALSE;75.000.000;235.800.000;2154592;1,2E+15;2025-09-11T15:05:27;23/09/2025
NIFTY2591624900PE;;11/09/2025;NSE;FO;;buy;FALSE;75.000.000;40.850.000;1818770;1,1E+15;2025-09-11T15:06:18;16/09/2025
NIFTY2591625050PE;;11/09/2025;NSE;FO;;sell;FALSE;75.000.000;92.200.000;2126363;1,4E+15;2025-09-11T15:06:28;16/09/2025
NIFTY25SEP25050PE;;12/09/2025;NSE;FO;;buy;FALSE;75.000.000;158.050.000;596391;1,4E+15;2025-09-12T09:33:55;30/09/2025
NIFTY2592325050CE;;12/09/2025;NSE;FO;;buy;FALSE;75.000.000;186.800.000;658427;1,4E+15;2025-09-12T09:37:57;23/09/2025
NIFTY2592325050CE;;12/09/2025;NSE;FO;;sell;FALSE;75.000.000;186.650.000;662144;1,4E+15;2025-09-12T09:38:13;23/09/2025
NIFTY2592325100CE;;12/09/2025;NSE;FO;;buy;FALSE;75.000.000;158.150.000;732413;1,5E+15;2025-09-12T09:38:44;23/09/2025
NIFTY2592325200CE;;12/09/2025;NSE;FO;;sell;FALSE;75.000.000;110.200.000;444384;1E+15;2025-09-12T09:39:10;23/09/2025
NIFTY25SEP25000PE;;12/09/2025;NSE;FO;;buy;FALSE;75.000.000;125.800.000;1684468;1,3E+15;2025-09-12T11:03:30;30/09/2025
NIFTY25SEP25000PE;;12/09/2025;NSE;FO;;buy;FALSE;75.000.000;125.800.000;1684469;1,3E+15;2025-09-12T11:03:30;30/09/2025
NIFTY25NOV24500PE;;12/09/2025;NSE;FO;;sell;FALSE;75.000.000;162.750.000;1148464;1E+15;2025-09-12T11:04:48;25/11/2025
NIFTY2592325200CE;;12/09/2025;NSE;FO;;buy;FALSE;75.000.000;125.450.000;1176514;1E+15;2025-09-12T11:07:51;23/09/2025
NIFTY2592325200CE;;12/09/2025;NSE;FO;;buy;FALSE;150.000.000;126.000.000;1178156;1E+15;2025-09-12T11:08:03;23/09/2025
NIFTY2592325200CE;;12/09/2025;NSE;FO;;buy;FALSE;75.000.000;125.900.000;1178155;1E+15;2025-09-12T11:08:03;23/09/2025
NIFTY2592325100CE;;12/09/2025;NSE;FO;;sell;FALSE;300.000.000;178.900.000;2128890;1,5E+15;2025-09-12T11:08:17;23/09/2025
NIFTY2592325000CE;;12/09/2025;NSE;FO;;buy;FALSE;75.000.000;243.700.000;1742926;1,3E+15;2025-09-12T11:09:08;23/09/2025
NIFTY2592325300CE;;12/09/2025;NSE;FO;;sell;FALSE;75.000.000;84.000.000;1008913;1,2E+15;2025-09-12T11:09:12;23/09/2025
BANKNIFTY25OCT55500CE;;12/09/2025;NSE;FO;;buy;FALSE;35.000.000;680.000.000;264590;2E+15;2025-09-12T12:48:01;28/10/2025
BANKNIFTY25OCT55000CE;;12/09/2025;NSE;FO;;sell;FALSE;35.000.000;941.750.000;315141;1,9E+15;2025-09-12T12:48:08;28/10/2025
BANKNIFTY25OCT54000PE;;12/09/2025;NSE;FO;;buy;FALSE;35.000.000;342.750.000;416007;1,7E+15;2025-09-12T14:15:59;28/10/2025
BANKNIFTY25NOV54500PE;;12/09/2025;NSE;FO;;sell;FALSE;35.000.000;600.000.000;288870;1,8E+15;2025-09-12T14:16:56;25/11/2025
BANKNIFTY25OCT52000PE;;12/09/2025;NSE;FO;;sell;FALSE;35.000.000;81.500.000;418389;1,7E+15;2025-09-12T14:17:34;28/10/2025
NIFTY2591625050PE;;12/09/2025;NSE;FO;;buy;FALSE;75.000.000;40.000.000;3071664;1,4E+15;2025-09-12T14:17:48;16/09/2025
NIFTY25OCTFUT;;12/09/2025;NSE;FO;;buy;FALSE;75.000.000;25.323.000.000;2568313;1E+15;2025-09-12T14:20:24;28/10/2025
NIFTY25OCTFUT;;12/09/2025;NSE;FO;;sell;FALSE;75.000.000;25.320.100.000;2569048;1E+15;2025-09-12T14:20:39;28/10/2025
BANKNIFTY25OCT58000CE;;12/09/2025;NSE;FO;;sell;FALSE;35.000.000;80.000.000;431433;1,7E+15;2025-09-12T14:33:39;28/10/2025
NIFTY2591624650CE;;15/09/2025;NSE;FO;;buy;FALSE;75.000.000;450.050.000;3509783;1,3E+15;2025-09-15T15:13:53;16/09/2025
NIFTY2591625000PE;;15/09/2025;NSE;FO;;sell;FALSE;75.000.000;20.100.000;3514662;1,3E+15;2025-09-15T15:14:21;16/09/2025
NIFTY2592325300CE;;15/09/2025;NSE;FO;;buy;FALSE;75.000.000;65.200.000;2216144;1,2E+15;2025-09-15T15:14:58;23/09/2025
NIFTY2592325050CE;;15/09/2025;NSE;FO;;sell;FALSE;75.000.000;182.400.000;4050335;1,4E+15;2025-09-15T15:15:04;23/09/2025
BANKNIFTY25OCT54500PE;;15/09/2025;NSE;FO;;sell;FALSE;35.000.000;427.850.000;368702;1,8E+15;2025-09-15T15:16:20;28/10/2025
NIFTY2591625000CE;;16/09/2025;NSE;FO;;buy;FALSE;75.000.000;126.100.000;464562;1,3E+15;2025-09-16T09:24:00;16/09/2025
NIFTY2591625150CE;;16/09/2025;NSE;FO;;sell;FALSE;75.000.000;24.600.000;605532;1,6E+15;2025-09-16T09:24:08;16/09/2025
NIFTY2591625150CE;;16/09/2025;NSE;FO;;sell;FALSE;75.000.000;24.600.000;605531;1,6E+15;2025-09-16T09:24:08;16/09/2025
BANKNIFTY25SEP55500PE;;16/09/2025;NSE;FO;;buy;FALSE;35.000.000;661.500.000;38114;2E+15;2025-09-16T09:29:56;30/09/2025
BANKNIFTY25SEP55500PE;;16/09/2025;NSE;FO;;buy;FALSE;70.000.000;661.500.000;38113;2E+15;2025-09-16T09:29:56;30/09/2025
BANKNIFTY25SEP55000PE;;16/09/2025;NSE;FO;;sell;FALSE;35.000.000;392.550.000;44423;1,9E+15;2025-09-16T09:30:09;30/09/2025
BANKNIFTY25SEP55000PE;;16/09/2025;NSE;FO;;sell;FALSE;35.000.000;392.750.000;44422;1,9E+15;2025-09-16T09:30:09;30/09/2025
BANKNIFTY25SEP55000CE;;16/09/2025;NSE;FO;;buy;FALSE;35.000.000;593.850.000;165073;1,9E+15;2025-09-16T10:14:30;30/09/2025
BANKNIFTY25SEP56000CE;;16/09/2025;NSE;FO;;sell;FALSE;35.000.000;159.800.000;167315;1,7E+15;2025-09-16T10:14:44;30/09/2025
NIFTY25OCT25200CE;;16/09/2025;NSE;FO;;buy;FALSE;75.000.000;434.600.000;2489221;1E+15;2025-09-16T10:17:48;28/10/2025
NIFTY25OCT25500CE;;16/09/2025;NSE;FO;;sell;FALSE;75.000.000;271.200.000;3113149;1,6E+15;2025-09-16T10:17:51;28/10/2025
BANKNIFTY25NOV54500PE;;16/09/2025;NSE;FO;;buy;FALSE;35.000.000;515.000.000;163342;1,8E+15;2025-09-16T10:38:30;25/11/2025
BANKNIFTY25NOV55000PE;;16/09/2025;NSE;FO;;sell;FALSE;35.000.000;670.050.000;197949;1,9E+15;2025-09-16T10:39:03;25/11/2025
BANKNIFTY25NOV55500CE;;16/09/2025;NSE;FO;;buy;FALSE;35.000.000;1.200.000.000;154789;2E+15;2025-09-16T10:40:12;25/11/2025
BANKNIFTY25NOV54500CE;;16/09/2025;NSE;FO;;sell;FALSE;35.000.000;1.830.000.000;165430;1,8E+15;2025-09-16T10:40:31;25/11/2025
BANKNIFTY25NOV55500CE;;16/09/2025;NSE;FO;;buy;FALSE;35.000.000;1.200.000.000;155312;2E+15;2025-09-16T10:40:51;25/11/2025
BANKNIFTY25NOV54500CE;;16/09/2025;NSE;FO;;sell;FALSE;35.000.000;1.830.000.000;165808;1,8E+15;2025-09-16T10:41:04;25/11/2025
BANKNIFTY25SEP55000CE;;16/09/2025;NSE;FO;;buy;FALSE;35.000.000;599.300.000;201167;1,9E+15;2025-09-16T10:41:52;30/09/2025
BANKNIFTY25SEP55000CE;;16/09/2025;NSE;FO;;buy;FALSE;35.000.000;599.300.000;201166;1,9E+15;2025-09-16T10:41:52;30/09/2025
BANKNIFTY25SEP54600CE;;16/09/2025;NSE;FO;;sell;FALSE;35.000.000;875.050.000;201264;1,9E+15;2025-09-16T10:41:59;30/09/2025
BANKNIFTY25SEP56000CE;;16/09/2025;NSE;FO;;sell;FALSE;35.000.000;159.000.000;205810;1,7E+15;2025-09-16T10:42:07;30/09/2025
NIFTY2592325250CE;;16/09/2025;NSE;FO;;buy;FALSE;225.000.000;118.950.000;1776981;1,1E+15;2025-09-16T10:42:53;23/09/2025
NIFTY2592325200CE;;16/09/2025;NSE;FO;;sell;FALSE;75.000.000;145.400.000;3034289;1E+15;2025-09-16T10:43:00;23/09/2025
NIFTY2592325200CE;;16/09/2025;NSE;FO;;sell;FALSE;150.000.000;145.450.000;3034288;1E+15;2025-09-16T10:43:00;23/09/2025
NIFTY2592325250CE;;16/09/2025;NSE;FO;;buy;FALSE;75.000.000;118.150.000;1782216;1,1E+15;2025-09-16T10:43:24;23/09/2025
NIFTY2592325350CE;;16/09/2025;NSE;FO;;sell;FALSE;75.000.000;76.000.000;1748633;1,3E+15;2025-09-16T10:43:28;23/09/2025
BANKNIFTY25OCT54900PE;;16/09/2025;NSE;FO;;buy;FALSE;35.000.000;494.450.000;293595;1,8E+15;2025-09-16T13:22:34;28/10/2025
BANKNIFTY25OCT55100CE;;16/09/2025;NSE;FO;;buy;FALSE;35.000.000;1.020.950.000;288079;2E+15;2025-09-16T13:23:04;28/10/2025
NIFTY2592325400CE;;17/09/2025;NSE;FO;;buy;FALSE;75.000.000;84.050.000;158493;1,4E+15;2025-09-17T09:20:30;23/09/2025
NIFTY2592325400CE;;17/09/2025;NSE;FO;;buy;FALSE;150.000.000;84.050.000;158495;1,4E+15;2025-09-17T09:20:30;23/09/2025
NIFTY2592325400CE;;17/09/2025;NSE;FO;;buy;FALSE;75.000.000;84.050.000;158494;1,4E+15;2025-09-17T09:20:30;23/09/2025
NIFTY2592325250CE;;17/09/2025;NSE;FO;;sell;FALSE;75.000.000;166.500.000;169306;1,1E+15;2025-09-17T09:20:38;23/09/2025
NIFTY2592325250CE;;17/09/2025;NSE;FO;;sell;FALSE;75.000.000;166.500.000;169309;1,1E+15;2025-09-17T09:20:38;23/09/2025
NIFTY2592325250CE;;17/09/2025;NSE;FO;;sell;FALSE;75.000.000;166.500.000;169308;1,1E+15;2025-09-17T09:20:38;23/09/2025
NIFTY2592325250CE;;17/09/2025;NSE;FO;;sell;FALSE;75.000.000;166.500.000;169307;1,1E+15;2025-09-17T09:20:38;23/09/2025
NIFTY25OCT24900PE;;17/09/2025;NSE;FO;;buy;FALSE;75.000.000;126.700.000;186012;1,1E+15;2025-09-17T09:21:23;28/10/2025
NIFTY25OCT25300PE;;17/09/2025;NSE;FO;;sell;FALSE;75.000.000;235.100.000;281880;1,2E+15;2025-09-17T09:21:31;28/10/2025
NIFTY25OCT25100PE;;17/09/2025;NSE;FO;;buy;FALSE;75.000.000;173.850.000;149935;1,5E+15;2025-09-17T09:21:55;28/10/2025
NIFTY25OCT25300PE;;17/09/2025;NSE;FO;;sell;FALSE;75.000.000;237.300.000;295025;1,2E+15;2025-09-17T09:21:59;28/10/2025
NIFTY25SEP25300CE;;17/09/2025;NSE;FO;;buy;FALSE;75.000.000;215.150.000;422789;1,2E+15;2025-09-17T09:26:27;30/09/2025
NIFTY25SEP25500CE;;17/09/2025;NSE;FO;;sell;FALSE;75.000.000;114.150.000;238360;1,6E+15;2025-09-17T09:26:32;30/09/2025
BANKNIFTY25SEP55200CE;;17/09/2025;NSE;FO;;buy;FALSE;70.000.000;528.000.000;85374;1,7E+15;2025-09-17T09:28:08;30/09/2025
BANKNIFTY25SEP55000CE;;17/09/2025;NSE;FO;;sell;FALSE;35.000.000;663.350.000;66101;1,9E+15;2025-09-17T09:28:19;30/09/2025
BANKNIFTY25SEP55000CE;;17/09/2025;NSE;FO;;sell;FALSE;35.000.000;663.300.000;66102;1,9E+15;2025-09-17T09:28:19;30/09/2025
BANKNIFTY25SEP55200CE;;17/09/2025;NSE;FO;;buy;FALSE;35.000.000;534.400.000;86844;1,7E+15;2025-09-17T09:28:28;30/09/2025
BANKNIFTY25SEP55200CE;;17/09/2025;NSE;FO;;buy;FALSE;35.000.000;540.050.000;89133;1,7E+15;2025-09-17T09:29:06;30/09/2025
BANKNIFTY25SEP55000CE;;17/09/2025;NSE;FO;;sell;FALSE;35.000.000;675.000.000;71692;1,9E+15;2025-09-17T09:30:21;30/09/2025
BANKNIFTY25SEP55200PE;;17/09/2025;NSE;FO;;buy;FALSE;35.000.000;304.900.000;99624;1,7E+15;2025-09-17T09:31:46;30/09/2025
BANKNIFTY25SEP56000CE;;17/09/2025;NSE;FO;;sell;FALSE;35.000.000;182.300.000;100963;1,7E+15;2025-09-17T09:32:11;30/09/2025
BANKNIFTY25OCT54500PE;;17/09/2025;NSE;FO;;buy;FALSE;35.000.000;290.950.000;118463;1,8E+15;2025-09-17T09:48:01;28/10/2025
BANKNIFTY25OCT55500PE;;17/09/2025;NSE;FO;;sell;FALSE;35.000.000;578.900.000;121560;2E+15;2025-09-17T09:48:04;28/10/2025
BANKNIFTY25SEP55400CE;;17/09/2025;NSE;FO;;buy;FALSE;70.000.000;499.000.000;536936;1,9E+15;2025-09-17T14:32:23;30/09/2025
BANKNIFTY25SEP55200CE;;17/09/2025;NSE;FO;;sell;FALSE;35.000.000;627.650.000;543536;1,7E+15;2025-09-17T14:32:42;30/09/2025
BANKNIFTY25SEP55200CE;;17/09/2025;NSE;FO;;sell;FALSE;35.000.000;627.650.000;543535;1,7E+15;2025-09-17T14:32:42;30/09/2025
BANKNIFTY25SEP55400CE;;17/09/2025;NSE;FO;;buy;FALSE;35.000.000;501.800.000;537655;1,9E+15;2025-09-17T14:32:51;30/09/2025
BANKNIFTY25SEP55400CE;;17/09/2025;NSE;FO;;buy;FALSE;35.000.000;501.800.000;537654;1,9E+15;2025-09-17T14:32:51;30/09/2025
BANKNIFTY25SEP55200CE;;17/09/2025;NSE;FO;;sell;FALSE;35.000.000;631.000.000;543762;1,7E+15;2025-09-17T14:32:57;30/09/2025
BANKNIFTY25SEP55200CE;;17/09/2025;NSE;FO;;sell;FALSE;35.000.000;631.000.000;543761;1,7E+15;2025-09-17T14:32:57;30/09/2025
NIFTY2592325500CE;;18/09/2025;NSE;FO;;buy;FALSE;375.000.000;67.600.000;335951;1,6E+15;2025-09-18T09:22:41;23/09/2025
NIFTY2592325400CE;;18/09/2025;NSE;FO;;sell;FALSE;75.000.000;120.250.000;401234;1,4E+15;2025-09-18T09:22:53;23/09/2025
NIFTY2592325400CE;;18/09/2025;NSE;FO;;sell;FALSE;225.000.000;120.250.000;401233;1,4E+15;2025-09-18T09:22:53;23/09/2025
NIFTY2592325400PE;;18/09/2025;NSE;FO;;buy;FALSE;75.000.000;65.150.000;406614;1,4E+15;2025-09-18T09:23:06;23/09/2025
NIFTY25OCT25600CE;;18/09/2025;NSE;FO;;buy;FALSE;75.000.000;322.450.000;264595;1,1E+15;2025-09-18T09:24:02;28/10/2025
NIFTY25OCT25200CE;;18/09/2025;NSE;FO;;sell;FALSE;75.000.000;580.000.000;278606;1E+15;2025-09-18T09:24:08;28/10/2025
NIFTY25SEP25400CE;;18/09/2025;NSE;FO;;buy;FALSE;150.000.000;219.250.000;502517;1,4E+15;2025-09-18T09:26:25;30/09/2025
NIFTY25SEP25800CE;;18/09/2025;NSE;FO;;sell;FALSE;75.000.000;48.050.000;418279;1,5E+15;2025-09-18T09:26:50;30/09/2025
NIFTY25NOV25600CE;;18/09/2025;NSE;FO;;buy;FALSE;75.000.000;511.000.000;335960;1,1E+15;2025-09-18T09:29:01;25/11/2025
NIFTY25NOV25200CE;;18/09/2025;NSE;FO;;sell;FALSE;75.000.000;770.750.000;357638;1E+15;2025-09-18T09:29:17;25/11/2025
BANKNIFTY25OCT56100CE;;18/09/2025;NSE;FO;;buy;FALSE;105.000.000;739.400.000;111981;1,8E+15;2025-09-18T09:31:47;28/10/2025
BANKNIFTY25OCT55100CE;;18/09/2025;NSE;FO;;sell;FALSE;35.000.000;1.375.900.000;93271;2E+15;2025-09-18T09:32:02;28/10/2025
BANKNIFTY25OCT55500CE;;18/09/2025;NSE;FO;;sell;FALSE;35.000.000;1.106.050.000;93269;2E+15;2025-09-18T09:32:02;28/10/2025
BANKNIFTY25OCT56000CE;;18/09/2025;NSE;FO;;sell;FALSE;35.000.000;786.950.000;133031;1,7E+15;2025-09-18T09:32:02;28/10/2025
BANKNIFTY25SEP55800CE;;18/09/2025;NSE;FO;;buy;FALSE;105.000.000;423.550.000;119452;1,9E+15;2025-09-18T09:33:27;30/09/2025
BANKNIFTY25SEP55800CE;;18/09/2025;NSE;FO;;buy;FALSE;35.000.000;423.500.000;119451;1,9E+15;2025-09-18T09:33:27;30/09/2025
BANKNIFTY25SEP55400CE;;18/09/2025;NSE;FO;;sell;FALSE;105.000.000;681.200.000;119728;1,9E+15;2025-09-18T09:33:35;30/09/2025
BANKNIFTY25SEP55400CE;;18/09/2025;NSE;FO;;sell;FALSE;35.000.000;681.200.000;119727;1,9E+15;2025-09-18T09:33:35;30/09/2025
BANKNIFTY25OCTFUT;;18/09/2025;NSE;FO;;buy;FALSE;35.000.000;56.179.600.000;117706;1,8E+15;2025-09-18T09:34:16;28/10/2025
BANKNIFTY25SEPFUT;;18/09/2025;NSE;FO;;sell;FALSE;35.000.000;55.875.000.000;118215;1,8E+15;2025-09-18T09:34:27;30/09/2025
BANKNIFTY25OCTFUT;;18/09/2025;NSE;FO;;buy;FALSE;35.000.000;56.179.600.000;118572;1,8E+15;2025-09-18T09:34:38;28/10/2025
BANKNIFTY25SEPFUT;;18/09/2025;NSE;FO;;sell;FALSE;35.000.000;55.873.800.000;118890;1,8E+15;2025-09-18T09:34:48;30/09/2025
BANKNIFTY25NOV56000CE;;18/09/2025;NSE;FO;;buy;FALSE;70.000.000;1.210.000.000;150084;1,7E+15;2025-09-18T09:37:41;25/11/2025
BANKNIFTY25NOV55500CE;;18/09/2025;NSE;FO;;sell;FALSE;35.000.000;1.520.000.000;103851;2E+15;2025-09-18T09:38:27;25/11/2025
BANKNIFTY25NOV55500CE;;18/09/2025;NSE;FO;;sell;FALSE;35.000.000;1.500.000.000;104945;2E+15;2025-09-18T09:39:08;25/11/2025
NIFTY25OCT25400PE;;18/09/2025;NSE;FO;;buy;FALSE;75.000.000;223.000.000;781369;1,4E+15;2025-09-18T09:41:41;28/10/2025
NIFTY25SEP25000PE;;18/09/2025;NSE;FO;;buy;FALSE;75.000.000;32.100.000;522992;1,3E+15;2025-09-18T09:42:31;30/09/2025
NIFTY25OCT25200PE;;18/09/2025;NSE;FO;;sell;FALSE;75.000.000;160.000.000;490766;1E+15;2025-09-18T09:42:38;28/10/2025
NIFTY25SEP24200PE;;18/09/2025;NSE;FO;;sell;FALSE;75.000.000;7.300.000;467982;1,1E+15;2025-09-18T09:43:53;30/09/2025
NIFTY25SEP24000PE;;18/09/2025;NSE;FO;;sell;FALSE;150.000.000;6.100.000;813598;1,4E+15;2025-09-18T09:44:18;30/09/2025
NIFTY25SEP25600CE;;18/09/2025;NSE;FO;;buy;FALSE;75.000.000;108.750.000;661474;1,1E+15;2025-09-18T10:29:37;30/09/2025
NIFTY25SEP25600CE;;18/09/2025;NSE;FO;;buy;FALSE;75.000.000;108.700.000;661473;1,1E+15;2025-09-18T10:29:37;30/09/2025
NIFTY25SEP25300CE;;18/09/2025;NSE;FO;;sell;FALSE;75.000.000;285.450.000;786800;1,2E+15;2025-09-18T10:29:43;30/09/2025
NIFTY25SEP26000CE;;18/09/2025;NSE;FO;;sell;FALSE;75.000.000;18.950.000;787124;1,2E+15;2025-09-18T10:29:50;30/09/2025
NIFTY25SEP26000CE;;18/09/2025;NSE;FO;;sell;FALSE;150.000.000;18.950.000;787125;1,2E+15;2025-09-18T10:29:50;30/09/2025
NIFTY25SEP25800CE;;18/09/2025;NSE;FO;;buy;FALSE;75.000.000;45.800.000;1042729;1,5E+15;2025-09-18T10:30:44;30/09/2025
NIFTY2592325400CE;;18/09/2025;NSE;FO;;buy;FALSE;75.000.000;89.550.000;2860545;1,4E+15;2025-09-18T13:16:32;23/09/2025
NIFTY2592325550CE;;18/09/2025;NSE;FO;;sell;FALSE;75.000.000;32.350.000;1491381;1E+15;2025-09-18T13:16:35;23/09/2025
NIFTY2592325400PE;;18/09/2025;NSE;FO;;sell;FALSE;75.000.000;76.950.000;2963415;1,4E+15;2025-09-18T13:27:09;23/09/2025
NIFTY2592325700CE;;18/09/2025;NSE;FO;;buy;FALSE;150.000.000;9.500.000;2184554;1,3E+15;2025-09-18T14:26:41;23/09/2025
NIFTY2592325500CE;;18/09/2025;NSE;FO;;sell;FALSE;75.000.000;45.500.000;2653597;1,6E+15;2025-09-18T14:27:09;23/09/2025
NIFTY2592325500CE;;18/09/2025;NSE;FO;;sell;FALSE;75.000.000;45.500.000;2653596;1,6E+15;2025-09-18T14:27:09;23/09/2025
NIFTY2592325400CE;;18/09/2025;NSE;FO;;buy;FALSE;75.000.000;89.050.000;3570108;1,4E+15;2025-09-18T14:27:49;23/09/2025
NIFTY2592325700CE;;18/09/2025;NSE;FO;;buy;FALSE;75.000.000;9.500.000;2195423;1,3E+15;2025-09-18T14:28:06;23/09/2025
NIFTY2592325500CE;;18/09/2025;NSE;FO;;sell;FALSE;150.000.000;46.000.000;2660339;1,6E+15;2025-09-18T14:28:11;23/09/2025
NIFTY2592325500CE;;18/09/2025;NSE;FO;;sell;FALSE;75.000.000;46.000.000;2660340;1,6E+15;2025-09-18T14:28:11;23/09/2025
NIFTY2592325450CE;;18/09/2025;NSE;FO;;buy;FALSE;75.000.000;90.650.000;3302700;1,5E+15;2025-09-18T15:13:58;23/09/2025
NIFTY2592325450CE;;18/09/2025;NSE;FO;;buy;FALSE;75.000.000;90.650.000;3302699;1,5E+15;2025-09-18T15:13:58;23/09/2025
NIFTY2592325400CE;;18/09/2025;NSE;FO;;sell;FALSE;150.000.000;122.100.000;4419966;1,4E+15;2025-09-18T15:14:05;23/09/2025
NIFTY2592325450CE;;18/09/2025;NSE;FO;;buy;FALSE;75.000.000;90.950.000;3308205;1,5E+15;2025-09-18T15:14:10;23/09/2025
NIFTY2592325400PE;;18/09/2025;NSE;FO;;buy;FALSE;75.000.000;50.800.000;4426775;1,4E+15;2025-09-18T15:14:26;23/09/2025
BANKNIFTY25SEP55000PE;;18/09/2025;NSE;FO;;buy;FALSE;35.000.000;111.700.000;764561;1,9E+15;2025-09-18T15:24:22;30/09/2025
BANKNIFTY25SEP55000PE;;18/09/2025;NSE;FO;;buy;FALSE;35.000.000;111.700.000;764562;1,9E+15;2025-09-18T15:24:22;30/09/2025
BANKNIFTY25SEP55500PE;;18/09/2025;NSE;FO;;sell;FALSE;35.000.000;211.700.000;607978;2E+15;2025-09-18T15:24:33;30/09/2025
BANKNIFTY25SEP55700PE;;18/09/2025;NSE;FO;;buy;FALSE;35.000.000;278.100.000;694518;1,8E+15;2025-09-18T15:24:48;30/09/2025
BANKNIFTY25SEP55800CE;;18/09/2025;NSE;FO;;buy;FALSE;35.000.000;406.550.000;766764;1,9E+15;2025-09-18T15:25:03;30/09/2025
BANKNIFTY25SEP55500PE;;18/09/2025;NSE;FO;;sell;FALSE;35.000.000;212.450.000;610622;2E+15;2025-09-18T15:25:20;30/09/2025
NIFTY2592324800CE;;19/09/2025;NSE;FO;;buy;FALSE;75.000.000;586.600.000;423737;1,6E+15;2025-09-19T09:23:28;23/09/2025
NIFTY2592325050CE;;19/09/2025;NSE;FO;;buy;FALSE;75.000.000;341.950.000;720844;1,4E+15;2025-09-19T09:23:28;23/09/2025
NIFTY2592325050CE;;19/09/2025;NSE;FO;;buy;FALSE;75.000.000;341.950.000;720843;1,4E+15;2025-09-19T09:23:28;23/09/2025
NIFTY2592325350CE;;19/09/2025;NSE;FO;;buy;FALSE;75.000.000;92.150.000;478403;1,3E+15;2025-09-19T09:23:28;23/09/2025
NIFTY2592325400PE;;19/09/2025;NSE;FO;;sell;FALSE;75.000.000;82.250.000;720842;1,4E+15;2025-09-19T09:23:28;23/09/2025
NIFTY2592325450CE;;19/09/2025;NSE;FO;;sell;FALSE;225.000.000;44.150.000;467654;1,5E+15;2025-09-19T09:23:28;23/09/2025
NIFTY2592325550CE;;19/09/2025;NSE;FO;;buy;FALSE;75.000.000;19.050.000;345249;1E+15;2025-09-19T09:23:28;23/09/2025
NIFTY2592325700CE;;19/09/2025;NSE;FO;;sell;FALSE;150.000.000;5.650.000;478397;1,3E+15;2025-09-19T09:23:28;23/09/2025
NIFTY2592325700CE;;19/09/2025;NSE;FO;;sell;FALSE;75.000.000;5.650.000;478396;1,3E+15;2025-09-19T09:23:28;23/09/2025
BANKNIFTY25NOV57000CE;;19/09/2025;NSE;FO;;sell;FALSE;35.000.000;645.000.000;55120;1,9E+15;2025-09-19T09:24:46;25/11/2025
BANKNIFTY25SEP56000CE;;19/09/2025;NSE;FO;;sell;FALSE;35.000.000;236.250.000;79705;1,7E+15;2025-09-19T09:25:30;30/09/2025
BANKNIFTY25OCT55500CE;;19/09/2025;NSE;FO;;buy;FALSE;35.000.000;1.031.850.000;52921;2E+15;2025-09-19T09:26:52;28/10/2025
BANKNIFTY25OCT56000CE;;19/09/2025;NSE;FO;;sell;FALSE;35.000.000;727.600.000;88210;1,7E+15;2025-09-19T09:26:56;28/10/2025
NIFTY25OCT26000CE;;19/09/2025;NSE;FO;;sell;FALSE;75.000.000;125.500.000;770765;1,2E+15;2025-09-19T09:34:33;28/10/2025
BANKNIFTY25OCT55500CE;;19/09/2025;NSE;FO;;sell;FALSE;35.000.000;933.300.000;343427;2E+15;2025-09-19T11:15:41;28/10/2025
BANKNIFTY25SEP56000CE;;19/09/2025;NSE;FO;;buy;FALSE;35.000.000;191.150.000;448997;1,7E+15;2025-09-19T11:17:29;30/09/2025
BANKNIFTY25SEP56000CE;;19/09/2025;NSE;FO;;buy;FALSE;35.000.000;190.950.000;448996;1,7E+15;2025-09-19T11:17:29;30/09/2025
BANKNIFTY25OCT55500CE;;19/09/2025;NSE;FO;;sell;FALSE;35.000.000;938.350.000;347919;2E+15;2025-09-19T11:18:15;28/10/2025
BANKNIFTY25SEP55500CE;;19/09/2025;NSE;FO;;sell;FALSE;35.000.000;415.400.000;348836;2E+15;2025-09-19T11:18:39;30/09/2025
BANKNIFTY25SEP57500CE;;19/09/2025;NSE;FO;;buy;FALSE;35.000.000;17.450.000;349246;2E+15;2025-09-19T11:18:59;30/09/2025
BANKNIFTY25SEP55800CE;;19/09/2025;NSE;FO;;sell;FALSE;35.000.000;263.950.000;334215;1,9E+15;2025-09-19T11:19:22;30/09/2025
BANKNIFTY25OCT59000CE;;19/09/2025;NSE;FO;;buy;FALSE;35.000.000;46.400.000;334711;1,9E+15;2025-09-19T11:19:59;28/10/2025
BANKNIFTY25SEP56000CE;;19/09/2025;NSE;FO;;buy;FALSE;70.000.000;194.700.000;470718;1,7E+15;2025-09-19T11:29:02;30/09/2025
BANKNIFTY25SEP55500CE;;19/09/2025;NSE;FO;;sell;FALSE;35.000.000;419.500.000;366249;2E+15;2025-09-19T11:29:11;30/09/2025
BANKNIFTY25SEP55200PE;;19/09/2025;NSE;FO;;buy;FALSE;35.000.000;209.950.000;471083;1,7E+15;2025-09-19T11:29:21;30/09/2025
BANKNIFTY25SEP55700PE;;19/09/2025;NSE;FO;;sell;FALSE;35.000.000;410.950.000;317174;1,8E+15;2025-09-19T11:29:27;30/09/2025
BANKNIFTY25SEP57500CE;;19/09/2025;NSE;FO;;buy;FALSE;35.000.000;17.100.000;366826;2E+15;2025-09-19T11:29:45;30/09/2025
BANKNIFTY25SEP55800CE;;19/09/2025;NSE;FO;;sell;FALSE;35.000.000;266.100.000;351262;1,9E+15;2025-09-19T11:29:55;30/09/2025
NIFTY25SEP24500CE;;22/09/2025;NSE;FO;;buy;FALSE;75.000.000;895.900.000;1674613;1E+15;2025-09-22T10:33:07;30/09/2025
NIFTY25SEP25300CE;;22/09/2025;NSE;FO;;sell;FALSE;75.000.000;184.950.000;2869870;1,2E+15;2025-09-22T10:33:38;30/09/2025
BANKNIFTY25SEP54000CE;;22/09/2025;NSE;FO;;buy;FALSE;35.000.000;1.827.150.000;338141;1,7E+15;2025-09-22T10:44:36;30/09/2025
BANKNIFTY25SEP54500CE;;22/09/2025;NSE;FO;;sell;FALSE;35.000.000;1.341.800.000;223476;1,8E+15;2025-09-22T10:44:46;30/09/2025
BANKNIFTY25OCT55500PE;;22/09/2025;NSE;FO;;sell;FALSE;35.000.000;476.400.000;293641;2E+15;2025-09-22T11:14:24;28/10/2025
BANKNIFTY25OCT54900PE;;22/09/2025;NSE;FO;;buy;FALSE;35.000.000;317.150.000;258313;1,8E+15;2025-09-22T11:19:19;28/10/2025
BANKNIFTY25SEP55500CE;;22/09/2025;NSE;FO;;buy;FALSE;35.000.000;326.350.000;656646;2E+15;2025-09-22T14:58:32;30/09/2025
BANKNIFTY25SEP55500CE;;22/09/2025;NSE;FO;;buy;FALSE;35.000.000;326.350.000;656645;2E+15;2025-09-22T14:58:32;30/09/2025
BANKNIFTY25SEP54500CE;;22/09/2025;NSE;FO;;sell;FALSE;35.000.000;1.057.000.000;548816;1,8E+15;2025-09-22T14:58:43;30/09/2025
NIFTY25SEP25300CE;;22/09/2025;NSE;FO;;buy;FALSE;75.000.000;127.650.000;8525982;1,2E+15;2025-09-22T15:00:06;30/09/2025
NIFTY25SEP25500CE;;22/09/2025;NSE;FO;;buy;FALSE;75.000.000;54.100.000;3552694;1,6E+15;2025-09-22T15:00:12;30/09/2025
NIFTY25SEP25200CE;;22/09/2025;NSE;FO;;sell;FALSE;75.000.000;185.650.000;5103932;1E+15;2025-09-22T15:00:16;30/09/2025
NIFTY25SEP25400CE;;22/09/2025;NSE;FO;;sell;FALSE;75.000.000;83.300.000;4464228;1,4E+15;2025-09-22T15:00:39;30/09/2025
BANKNIFTY25SEP55800CE;;22/09/2025;NSE;FO;;sell;FALSE;35.000.000;193.700.000;674598;1,9E+15;2025-09-22T15:01:05;30/09/2025
BANKNIFTY25SEP55800CE;;22/09/2025;NSE;FO;;sell;FALSE;35.000.000;193.700.000;674597;1,9E+15;2025-09-22T15:01:05;30/09/2025
NIFTY25OCT25100PE;;22/09/2025;NSE;FO;;buy;FALSE;75.000.000;194.100.000;3359528;1,5E+15;2025-09-22T15:11:06;28/10/2025
NIFTY25OCT25400PE;;22/09/2025;NSE;FO;;sell;FALSE;75.000.000;308.200.000;4645896;1,4E+15;2025-09-22T15:11:14;28/10/2025
BANKNIFTY25OCT55300CE;;23/09/2025;NSE;FO;;buy;FALSE;35.000.000;986.100.000;26691;1,8E+15;2025-09-23T09:18:41;28/10/2025
BANKNIFTY25OCT56000CE;;23/09/2025;NSE;FO;;sell;FALSE;35.000.000;592.200.000;33155;1,7E+15;2025-09-23T09:18:54;28/10/2025
NIFTY25SEP25200PE;;23/09/2025;NSE;FO;;sell;FALSE;75.000.000;93.550.000;600755;1E+15;2025-09-23T09:20:19;30/09/2025
BANKNIFTY25OCT56000CE;;23/09/2025;NSE;FO;;buy;FALSE;35.000.000;556.950.000;130669;1,7E+15;2025-09-23T09:36:19;28/10/2025
BANKNIFTY25OCT56000CE;;23/09/2025;NSE;FO;;buy;FALSE;35.000.000;556.350.000;130668;1,7E+15;2025-09-23T09:36:19;28/10/2025
BANKNIFTY25OCT55000CE;;23/09/2025;NSE;FO;;sell;FALSE;35.000.000;1.121.850.000;107001;1,9E+15;2025-09-23T09:36:23;28/10/2025
BANKNIFTY25OCT56100CE;;23/09/2025;NSE;FO;;sell;FALSE;35.000.000;514.250.000;103948;1,8E+15;2025-09-23T09:36:42;28/10/2025
BANKNIFTY25SEP54000CE;;23/09/2025;NSE;FO;;buy;FALSE;70.000.000;1.404.200.000;138293;1,7E+15;2025-09-23T09:37:59;30/09/2025
BANKNIFTY25SEP54500CE;;23/09/2025;NSE;FO;;sell;FALSE;35.000.000;955.600.000;108024;1,8E+15;2025-09-23T09:38:05;30/09/2025
BANKNIFTY25SEP55800CE;;23/09/2025;NSE;FO;;sell;FALSE;35.000.000;157.850.000;113647;1,9E+15;2025-09-23T09:38:17;30/09/2025
NIFTY25OCT26000CE;;23/09/2025;NSE;FO;;buy;FALSE;75.000.000;80.950.000;1901585;1,2E+15;2025-09-23T09:53:06;28/10/2025
NIFTY25OCT25500CE;;23/09/2025;NSE;FO;;buy;FALSE;75.000.000;227.100.000;2464484;1,6E+15;2025-09-23T09:53:15;28/10/2025
NIFTY25OCT25100CE;;23/09/2025;NSE;FO;;sell;FALSE;75.000.000;440.150.000;1908982;1,5E+15;2025-09-23T09:53:19;28/10/2025
NIFTY25OCT25600CE;;23/09/2025;NSE;FO;;sell;FALSE;75.000.000;184.750.000;2471400;1,1E+15;2025-09-23T09:53:27;28/10/2025
NIFTY25SEP24500CE;;23/09/2025;NSE;FO;;buy;FALSE;75.000.000;682.750.000;5940249;1E+15;2025-09-23T11:22:52;30/09/2025
NIFTY25SEP25000CE;;23/09/2025;NSE;FO;;sell;FALSE;75.000.000;238.850.000;2705305;1,3E+15;2025-09-23T11:22:56;30/09/2025
BANKNIFTY25OCT55600CE;;23/09/2025;NSE;FO;;buy;FALSE;35.000.000;960.450.000;919676;1,7E+15;2025-09-23T14:32:57;28/10/2025
BANKNIFTY25OCT55300CE;;23/09/2025;NSE;FO;;sell;FALSE;35.000.000;1.155.100.000;634516;1,8E+15;2025-09-23T14:33:06;28/10/2025
NIFTY25NOV25600CE;;23/09/2025;NSE;FO;;buy;FALSE;75.000.000;410.000.000;12980297;1,1E+15;2025-09-23T14:43:26;25/11/2025
BANKNIFTY25SEP55500CE;;23/09/2025;NSE;FO;;buy;FALSE;35.000.000;456.250.000;667497;2E+15;2025-09-23T14:44:40;30/09/2025
NIFTY25SEP25200CE;;24/09/2025;NSE;FO;;buy;FALSE;75.000.000;87.550.000;322811;1E+15;2025-09-24T09:24:11;30/09/2025
NIFTY25SEP25000CE;;24/09/2025;NSE;FO;;sell;FALSE;75.000.000;198.800.000;270361;1,3E+15;2025-09-24T09:24:18;30/09/2025
NIFTY25SEP25100CE;;24/09/2025;NSE;FO;;buy;FALSE;75.000.000;133.800.000;443868;1,5E+15;2025-09-24T09:25:03;30/09/2025
BANKNIFTY25OCT56100CE;;24/09/2025;NSE;FO;;sell;FALSE;35.000.000;546.550.000;148049;1,8E+15;2025-09-24T09:33:45;28/10/2025
BANKNIFTY25SEP54500CE;;24/09/2025;NSE;FO;;buy;FALSE;35.000.000;998.650.000;168447;1,8E+15;2025-09-24T09:37:36;30/09/2025
BANKNIFTY25SEP54500CE;;24/09/2025;NSE;FO;;buy;FALSE;35.000.000;998.650.000;168448;1,8E+15;2025-09-24T09:37:36;30/09/2025
BANKNIFTY25SEP54500CE;;24/09/2025;NSE;FO;;buy;FALSE;35.000.000;998.650.000;168446;1,8E+15;2025-09-24T09:37:36;30/09/2025
BANKNIFTY25SEP55000CE;;24/09/2025;NSE;FO;;sell;FALSE;35.000.000;576.700.000;214111;1,9E+15;2025-09-24T09:37:58;30/09/2025
BANKNIFTY25SEP55000CE;;24/09/2025;NSE;FO;;sell;FALSE;35.000.000;576.700.000;214112;1,9E+15;2025-09-24T09:37:58;30/09/2025
BANKNIFTY25SEP55000CE;;24/09/2025;NSE;FO;;sell;FALSE;35.000.000;576.600.000;214113;1,9E+15;2025-09-24T09:37:58;30/09/2025
NIFTY25SEP24500CE;;24/09/2025;NSE;FO;;buy;FALSE;75.000.000;634.600.000;696874;1E+15;2025-09-24T09:50:53;30/09/2025
NIFTY25OCT25100CE;;24/09/2025;NSE;FO;;sell;FALSE;75.000.000;395.800.000;995537;1,5E+15;2025-09-24T09:51:01;28/10/2025
NIFTY25OCT25500CE;;24/09/2025;NSE;FO;;buy;FALSE;75.000.000;198.350.000;675832;1,6E+15;2025-09-24T09:51:45;28/10/2025
BANKNIFTY25NOV57000CE;;24/09/2025;NSE;FO;;sell;FALSE;35.000.000;550.000.000;301776;1,9E+15;2025-09-24T09:55:41;25/11/2025
BANKNIFTY25SEP55100CE;;24/09/2025;NSE;FO;;buy;FALSE;35.000.000;364.950.000;527175;2E+15;2025-09-24T11:07:17;30/09/2025
BANKNIFTY25SEP55500CE;;24/09/2025;NSE;FO;;sell;FALSE;35.000.000;174.150.000;528110;2E+15;2025-09-24T11:07:29;30/09/2025
BANKNIFTY25SEP55500CE;;24/09/2025;NSE;FO;;sell;FALSE;35.000.000;174.150.000;528111;2E+15;2025-09-24T11:07:29;30/09/2025
BANKNIFTY25SEP55000PE;;24/09/2025;NSE;FO;;buy;FALSE;35.000.000;209.350.000;628264;1,9E+15;2025-09-24T11:08:39;30/09/2025
BANKNIFTY25SEP55000PE;;24/09/2025;NSE;FO;;buy;FALSE;35.000.000;209.350.000;628265;1,9E+15;2025-09-24T11:08:39;30/09/2025
BANKNIFTY25SEP54500PE;;24/09/2025;NSE;FO;;sell;FALSE;35.000.000;86.500.000;539652;1,8E+15;2025-09-24T11:09:04;30/09/2025
BANKNIFTY25SEP55200PE;;24/09/2025;NSE;FO;;sell;FALSE;35.000.000;296.200.000;699156;1,7E+15;2025-09-24T11:09:12;30/09/2025
BANKNIFTY25SEP55200PE;;24/09/2025;NSE;FO;;sell;FALSE;35.000.000;296.050.000;699157;1,7E+15;2025-09-24T11:09:12;30/09/2025
BANKNIFTY25SEP55500PE;;24/09/2025;NSE;FO;;buy;FALSE;35.000.000;459.400.000;556854;2E+15;2025-09-24T11:10:48;30/09/2025
BANKNIFTY25SEP55500PE;;24/09/2025;NSE;FO;;buy;FALSE;35.000.000;459.400.000;556855;2E+15;2025-09-24T11:10:48;30/09/2025
BANKNIFTY25SEP55100PE;;24/09/2025;NSE;FO;;sell;FALSE;35.000.000;241.700.000;557164;2E+15;2025-09-24T11:10:52;30/09/2025
BANKNIFTY25SEP55000CE;;24/09/2025;NSE;FO;;buy;FALSE;35.000.000;422.100.000;649923;1,9E+15;2025-09-24T11:12:04;30/09/2025
BANKNIFTY25SEP55000CE;;24/09/2025;NSE;FO;;buy;FALSE;35.000.000;422.100.000;649924;1,9E+15;2025-09-24T11:12:04;30/09/2025
BANKNIFTY25SEP55000CE;;24/09/2025;NSE;FO;;buy;FALSE;35.000.000;422.200.000;649925;1,9E+15;2025-09-24T11:12:04;30/09/2025
BANKNIFTY25SEP55200CE;;24/09/2025;NSE;FO;;sell;FALSE;35.000.000;300.200.000;718826;1,7E+15;2025-09-24T11:12:11;30/09/2025
BANKNIFTY25SEP55200CE;;24/09/2025;NSE;FO;;sell;FALSE;35.000.000;300.350.000;718825;1,7E+15;2025-09-24T11:12:11;30/09/2025
BANKNIFTY25OCT56500CE;;24/09/2025;NSE;FO;;buy;FALSE;35.000.000;320.200.000;558020;1,8E+15;2025-09-24T11:12:45;28/10/2025
BANKNIFTY25OCT55500CE;;24/09/2025;NSE;FO;;sell;FALSE;35.000.000;744.750.000;567206;2E+15;2025-09-24T11:12:54;28/10/2025
BANKNIFTY25OCT55500CE;;24/09/2025;NSE;FO;;sell;FALSE;35.000.000;744.800.000;568428;2E+15;2025-09-24T11:13:08;28/10/2025
NIFTY25OCT25000PE;;24/09/2025;NSE;FO;;buy;FALSE;75.000.000;209.450.000;1438522;1,3E+15;2025-09-24T11:14:16;28/10/2025
NIFTY25OCT25000PE;;24/09/2025;NSE;FO;;buy;FALSE;75.000.000;209.350.000;1438521;1,3E+15;2025-09-24T11:14:16;28/10/2025
NIFTY25OCT24700PE;;24/09/2025;NSE;FO;;sell;FALSE;75.000.000;123.050.000;1476033;1,4E+15;2025-09-24T11:14:29;28/10/2025
NIFTY25OCT25100PE;;24/09/2025;NSE;FO;;sell;FALSE;75.000.000;243.500.000;2258209;1,5E+15;2025-09-24T11:14:36;28/10/2025
NIFTY25NOV26000CE;;24/09/2025;NSE;FO;;sell;FALSE;75.000.000;178.350.000;2111575;1,2E+15;2025-09-24T14:56:26;25/11/2025
NIFTY25SEP25000CE;;25/09/2025;NSE;FO;;buy;FALSE;75.000.000;106.300.000;2754664;1,3E+15;2025-09-25T12:50:27;30/09/2025
NIFTY25SEP25100CE;;25/09/2025;NSE;FO;;sell;FALSE;75.000.000;62.150.000;2544874;1,5E+15;2025-09-25T12:50:52;30/09/2025
NIFTY25SEP25050CE;;25/09/2025;NSE;FO;;buy;FALSE;75.000.000;81.800.000;2277181;1,4E+15;2025-09-25T12:51:27;30/09/2025
NIFTY25SEP24900CE;;25/09/2025;NSE;FO;;sell;FALSE;75.000.000;171.850.000;1377415;1,1E+15;2025-09-25T12:52:21;30/09/2025
NIFTY25SEP25000CE;;25/09/2025;NSE;FO;;buy;FALSE;75.000.000;108.850.000;2774165;1,3E+15;2025-09-25T12:52:53;30/09/2025
NIFTY25SEP25200CE;;25/09/2025;NSE;FO;;sell;FALSE;75.000.000;36.300.000;1588459;1E+15;2025-09-25T12:54:19;30/09/2025
NIFTY25NOV26000CE;;25/09/2025;NSE;FO;;buy;FALSE;75.000.000;147.800.000;2203386;1,2E+15;2025-09-25T14:37:29;25/11/2025
NIFTY25NOV25000CE;;25/09/2025;NSE;FO;;sell;FALSE;75.000.000;579.000.000;3956360;1,3E+15;2025-09-25T14:37:41;25/11/2025
BANKNIFTY25OCT55500CE;;25/09/2025;NSE;FO;;buy;FALSE;70.000.000;667.050.000;1257952;2E+15;2025-09-25T15:27:43;28/10/2025
BANKNIFTY25OCT55500CE;;25/09/2025;NSE;FO;;buy;FALSE;35.000.000;667.250.000;1257953;2E+15;2025-09-25T15:27:43;28/10/2025
BANKNIFTY25OCT55000CE;;25/09/2025;NSE;FO;;sell;FALSE;35.000.000;950.300.000;1403996;1,9E+15;2025-09-25T15:27:55;28/10/2025
BANKNIFTY25OCT55000CE;;25/09/2025;NSE;FO;;sell;FALSE;35.000.000;951.400.000;1403995;1,9E+15;2025-09-25T15:27:55;28/10/2025
BANKNIFTY25NOV57000CE;;25/09/2025;NSE;FO;;sell;FALSE;35.000.000;452.000.000;1406147;1,9E+15;2025-09-25T15:28:15;25/11/2025
NIFTY25SEP25200PE;;26/09/2025;NSE;FO;;buy;FALSE;75.000.000;343.350.000;138218;1E+15;2025-09-26T09:16:14;30/09/2025
NIFTY25SEP25000PE;;26/09/2025;NSE;FO;;sell;FALSE;75.000.000;174.700.000;121589;1,3E+15;2025-09-26T09:16:18;30/09/2025
NIFTY25SEP24800PE;;26/09/2025;NSE;FO;;buy;FALSE;150.000.000;61.650.000;179474;1,6E+15;2025-09-26T09:16:42;30/09/2025
NIFTY25SEP25050PE;;26/09/2025;NSE;FO;;sell;FALSE;75.000.000;201.600.000;124454;1,4E+15;2025-09-26T09:16:49;30/09/2025
NIFTY25SEP24700PE;;26/09/2025;NSE;FO;;sell;FALSE;75.000.000;32.650.000;133853;1,4E+15;2025-09-26T09:17:01;30/09/2025
NIFTY25SEP25000CE;;26/09/2025;NSE;FO;;buy;FALSE;75.000.000;48.950.000;191504;1,3E+15;2025-09-26T09:17:32;30/09/2025
NIFTY25SEP25100CE;;26/09/2025;NSE;FO;;sell;FALSE;75.000.000;26.050.000;163516;1,5E+15;2025-09-26T09:17:42;30/09/2025
NIFTY25SEP25200CE;;26/09/2025;NSE;FO;;buy;FALSE;75.000.000;13.950.000;240397;1E+15;2025-09-26T09:17:53;30/09/2025
NIFTY25SEP25050CE;;26/09/2025;NSE;FO;;sell;FALSE;75.000.000;35.200.000;173491;1,4E+15;2025-09-26T09:18:01;30/09/2025
BANKNIFTY25SEP55200CE;;26/09/2025;NSE;FO;;buy;FALSE;35.000.000;127.300.000;121425;1,7E+15;2025-09-26T09:19:32;30/09/2025
BANKNIFTY25SEP55200CE;;26/09/2025;NSE;FO;;buy;FALSE;35.000.000;127.300.000;121424;1,7E+15;2025-09-26T09:19:32;30/09/2025
BANKNIFTY25SEP55500CE;;26/09/2025;NSE;FO;;buy;FALSE;35.000.000;61.550.000;88957;2E+15;2025-09-26T09:19:32;30/09/2025
BANKNIFTY25SEP54800CE;;26/09/2025;NSE;FO;;sell;FALSE;35.000.000;308.800.000;122768;1,7E+15;2025-09-26T09:19:37;30/09/2025
BANKNIFTY25SEP54700PE;;26/09/2025;NSE;FO;;buy;FALSE;35.000.000;152.000.000;104363;2E+15;2025-09-26T09:20:46;30/09/2025
BANKNIFTY25SEP54700PE;;26/09/2025;NSE;FO;;buy;FALSE;35.000.000;152.000.000;104364;2E+15;2025-09-26T09:20:46;30/09/2025
BANKNIFTY25SEP55000PE;;26/09/2025;NSE;FO;;sell;FALSE;35.000.000;281.900.000;128878;1,9E+15;2025-09-26T09:21:00;30/09/2025
BANKNIFTY25SEP55000PE;;26/09/2025;NSE;FO;;sell;FALSE;35.000.000;281.850.000;128879;1,9E+15;2025-09-26T09:21:00;30/09/2025
BANKNIFTY25OCT54000PE;;26/09/2025;NSE;FO;;buy;FALSE;35.000.000;294.000.000;213080;1,7E+15;2025-09-26T09:24:24;28/10/2025
BANKNIFTY25OCT54000PE;;26/09/2025;NSE;FO;;buy;FALSE;35.000.000;294.600.000;213081;1,7E+15;2025-09-26T09:24:24;28/10/2025
BANKNIFTY25OCT54000PE;;26/09/2025;NSE;FO;;buy;FALSE;35.000.000;294.900.000;213082;1,7E+15;2025-09-26T09:24:24;28/10/2025
BANKNIFTY25OCT54900PE;;26/09/2025;NSE;FO;;sell;FALSE;35.000.000;562.650.000;156515;1,8E+15;2025-09-26T09:24:36;28/10/2025
BANKNIFTY25OCT54900PE;;26/09/2025;NSE;FO;;sell;FALSE;35.000.000;562.700.000;156514;1,8E+15;2025-09-26T09:24:36;28/10/2025
BANKNIFTY25OCT53000PE;;26/09/2025;NSE;FO;;sell;FALSE;35.000.000;139.950.000;182203;1,9E+15;2025-09-26T09:24:56;28/10/2025
BANKNIFTY25OCT55000CE;;26/09/2025;NSE;FO;;buy;FALSE;105.000.000;834.600.000;191120;1,9E+15;2025-09-26T09:25:38;28/10/2025
BANKNIFTY25OCT54500CE;;26/09/2025;NSE;FO;;sell;FALSE;35.000.000;1.152.100.000;169178;1,8E+15;2025-09-26T09:25:50;28/10/2025
BANKNIFTY25OCT54500CE;;26/09/2025;NSE;FO;;sell;FALSE;35.000.000;1.152.000.000;169179;1,8E+15;2025-09-26T09:25:50;28/10/2025
BANKNIFTY25OCT55000CE;;26/09/2025;NSE;FO;;buy;FALSE;35.000.000;833.200.000;195243;1,9E+15;2025-09-26T09:26:02;28/10/2025
BANKNIFTY25OCT55500CE;;26/09/2025;NSE;FO;;sell;FALSE;35.000.000;561.300.000;175940;2E+15;2025-09-26T09:27:00;28/10/2025
BANKNIFTY25OCT55600CE;;26/09/2025;NSE;FO;;sell;FALSE;35.000.000;509.000.000;534289;1,7E+15;2025-09-26T09:46:57;28/10/2025
BANKNIFTY25OCT58000CE;;26/09/2025;NSE;FO;;buy;FALSE;35.000.000;47.450.000;536383;1,7E+15;2025-09-26T09:47:04;28/10/2025
BANKNIFTY25OCT56100CE;;26/09/2025;NSE;FO;;sell;FALSE;35.000.000;326.850.000;387131;1,8E+15;2025-09-26T09:47:15;28/10/2025
NIFTY25SEP24900CE;;26/09/2025;NSE;FO;;buy;FALSE;75.000.000;66.600.000;1354687;1,1E+15;2025-09-26T10:00:59;30/09/2025
NIFTY25SEP25400CE;;26/09/2025;NSE;FO;;sell;FALSE;75.000.000;4.400.000;1035652;1,4E+15;2025-09-26T10:01:09;30/09/2025
NIFTY25SEP25600CE;;26/09/2025;NSE;FO;;sell;FALSE;150.000.000;2.600.000;1357009;1,1E+15;2025-09-26T10:01:09;30/09/2025
NIFTY25NOV25500CE;;26/09/2025;NSE;FO;;buy;FALSE;75.000.000;255.600.000;1897310;1,6E+15;2025-09-26T10:01:43;25/11/2025
NIFTY25NOV25000CE;;26/09/2025;NSE;FO;;sell;FALSE;75.000.000;490.300.000;1152312;1,3E+15;2025-09-26T10:01:55;25/11/2025
BANKNIFTY25SEP54600PE;;26/09/2025;NSE;FO;;buy;FALSE;35.000.000;152.050.000;802745;1,9E+15;2025-09-26T10:52:19;30/09/2025
BANKNIFTY25SEP54600PE;;26/09/2025;NSE;FO;;buy;FALSE;35.000.000;152.100.000;802746;1,9E+15;2025-09-26T10:52:19;30/09/2025
BANKNIFTY25SEP54700PE;;26/09/2025;NSE;FO;;sell;FALSE;35.000.000;189.050.000;671098;2E+15;2025-09-26T10:52:27;30/09/2025
BANKNIFTY25SEP54700PE;;26/09/2025;NSE;FO;;sell;FALSE;35.000.000;189.050.000;671099;2E+15;2025-09-26T10:52:27;30/09/2025
BANKNIFTY25SEP54600CE;;26/09/2025;NSE;FO;;sell;FALSE;35.000.000;342.000.000;803818;1,9E+15;2025-09-26T10:52:42;30/09/2025
BANKNIFTY25SEP54800CE;;26/09/2025;NSE;FO;;buy;FALSE;35.000.000;226.700.000;895039;1,7E+15;2025-09-26T10:52:48;30/09/2025
BANKNIFTY25SEP54600CE;;26/09/2025;NSE;FO;;buy;FALSE;35.000.000;284.200.000;872575;1,9E+15;2025-09-26T11:03:58;30/09/2025
BANKNIFTY25SEP55100CE;;26/09/2025;NSE;FO;;sell;FALSE;35.000.000;86.900.000;733876;2E+15;2025-09-26T11:04:05;30/09/2025
BANKNIFTY25NOV57000CE;;26/09/2025;NSE;FO;;buy;FALSE;35.000.000;370.000.000;877434;1,9E+15;2025-09-26T11:04:24;25/11/2025
BANKNIFTY25NOV57000CE;;26/09/2025;NSE;FO;;buy;FALSE;35.000.000;374.000.000;877435;1,9E+15;2025-09-26T11:04:24;25/11/2025
BANKNIFTY25NOV57000CE;;26/09/2025;NSE;FO;;buy;FALSE;35.000.000;369.950.000;877433;1,9E+15;2025-09-26T11:04:24;25/11/2025
BANKNIFTY25NOV55000CE;;26/09/2025;NSE;FO;;sell;FALSE;35.000.000;1.181.150.000;880079;1,9E+15;2025-09-26T11:04:31;25/11/2025
BANKNIFTY25NOV56500CE;;26/09/2025;NSE;FO;;sell;FALSE;35.000.000;500.100.000;698862;1,8E+15;2025-09-26T11:05:01;25/11/2025
NIFTY25SEP25000CE;;26/09/2025;NSE;FO;;sell;FALSE;75.000.000;28.050.000;1644532;1,3E+15;2025-09-26T11:05:49;30/09/2025
BANKNIFTY25SEP52000PE;;26/09/2025;NSE;FO;;sell;FALSE;105.000.000;5.000.000;1012193;1,7E+15;2025-09-26T11:09:30;30/09/2025
BANKNIFTY25SEP54500PE;;26/09/2025;NSE;FO;;buy;FALSE;35.000.000;136.600.000;736925;1,8E+15;2025-09-26T11:09:30;30/09/2025
BANKNIFTY25SEP54600PE;;26/09/2025;NSE;FO;;sell;FALSE;35.000.000;171.750.000;928252;1,9E+15;2025-09-26T11:09:30;30/09/2025
BANKNIFTY25SEP54600PE;;26/09/2025;NSE;FO;;sell;FALSE;35.000.000;171.750.000;928251;1,9E+15;2025-09-26T11:09:30;30/09/2025
BANKNIFTY25SEP55100PE;;26/09/2025;NSE;FO;;buy;FALSE;35.000.000;469.800.000;773617;2E+15;2025-09-26T11:09:30;30/09/2025
BANKNIFTY25SEP57500CE;;26/09/2025;NSE;FO;;sell;FALSE;35.000.000;5.450.000;773615;2E+15;2025-09-26T11:09:30;30/09/2025
BANKNIFTY25SEP57500CE;;26/09/2025;NSE;FO;;sell;FALSE;35.000.000;5.450.000;773614;2E+15;2025-09-26T11:09:30;30/09/2025
BANKNIFTY25SEP57500CE;;26/09/2025;NSE;FO;;sell;FALSE;35.000.000;5.450.000;773613;2E+15;2025-09-26T11:09:30;30/09/2025
BANKNIFTY25SEP57500CE;;26/09/2025;NSE;FO;;sell;FALSE;35.000.000;5.450.000;773616;2E+15;2025-09-26T11:09:30;30/09/2025
BANKNIFTY25SEP58500CE;;26/09/2025;NSE;FO;;sell;FALSE;35.000.000;4.450.000;736924;1,8E+15;2025-09-26T11:09:30;30/09/2025
NIFTY25SEP25000PE;;26/09/2025;NSE;FO;;buy;FALSE;75.000.000;194.100.000;1678862;1,3E+15;2025-09-26T11:09:51;30/09/2025
NIFTY25SEP24700PE;;26/09/2025;NSE;FO;;buy;FALSE;75.000.000;38.200.000;1565673;1,4E+15;2025-09-26T11:10:12;30/09/2025
NIFTY25SEP24800PE;;26/09/2025;NSE;FO;;sell;FALSE;150.000.000;69.850.000;3067781;1,6E+15;2025-09-26T11:10:12;30/09/2025
NIFTY25SEP25100CE;;26/09/2025;NSE;FO;;buy;FALSE;75.000.000;16.600.000;1802397;1,5E+15;2025-09-26T11:10:12;30/09/2025
NIFTY25OCT24600PE;;26/09/2025;NSE;FO;;buy;FALSE;150.000.000;165.200.000;1472098;1,2E+15;2025-09-26T11:26:48;28/10/2025
NIFTY25OCT24600PE;;26/09/2025;NSE;FO;;buy;FALSE;75.000.000;165.200.000;1472099;1,2E+15;2025-09-26T11:26:48;28/10/2025
NIFTY25OCT25000PE;;26/09/2025;NSE;FO;;sell;FALSE;75.000.000;319.100.000;1801367;1,3E+15;2025-09-26T11:26:56;28/10/2025
NIFTY25OCT25000PE;;26/09/2025;NSE;FO;;sell;FALSE;75.000.000;319.100.000;1801366;1,3E+15;2025-09-26T11:26:56;28/10/2025
NIFTY25OCT25100CE;;26/09/2025;NSE;FO;;buy;FALSE;150.000.000;224.000.000;2003063;1,5E+15;2025-09-26T11:27:46;28/10/2025
NIFTY25OCT24700CE;;26/09/2025;NSE;FO;;sell;FALSE;75.000.000;443.750.000;1706657;1,4E+15;2025-09-26T11:27:51;28/10/2025
NIFTY25OCT24300PE;;26/09/2025;NSE;FO;;sell;FALSE;75.000.000;97.050.000;1807220;1,3E+15;2025-09-26T11:28:20;28/10/2025
BANKNIFTY25OCT53500PE;;26/09/2025;NSE;FO;;buy;FALSE;70.000.000;300.400.000;1477040;2E+15;2025-09-26T14:11:19;28/10/2025
BANKNIFTY25OCT53500PE;;26/09/2025;NSE;FO;;buy;FALSE;35.000.000;300.500.000;1477041;2E+15;2025-09-26T14:11:19;28/10/2025
BANKNIFTY25OCT54000PE;;26/09/2025;NSE;FO;;sell;FALSE;105.000.000;428.200.000;2115371;1,7E+15;2025-09-26T14:11:29;28/10/2025
BANKNIFTY25OCT54500CE;;26/09/2025;NSE;FO;;buy;FALSE;35.000.000;894.150.000;1594504;1,8E+15;2025-09-26T14:12:15;28/10/2025
BANKNIFTY25OCT54500CE;;26/09/2025;NSE;FO;;buy;FALSE;105.000.000;894.100.000;1594503;1,8E+15;2025-09-26T14:12:15;28/10/2025
BANKNIFTY25OCT54000CE;;26/09/2025;NSE;FO;;sell;FALSE;35.000.000;1.211.650.000;2121519;1,7E+15;2025-09-26T14:12:21;28/10/2025
BANKNIFTY25OCT54000CE;;26/09/2025;NSE;FO;;sell;FALSE;105.000.000;1.211.600.000;2121520;1,7E+15;2025-09-26T14:12:21;28/10/2025
NIFTY25OCT24700CE;;26/09/2025;NSE;FO;;buy;FALSE;150.000.000;383.000.000;4036138;1,4E+15;2025-09-26T14:13:52;28/10/2025
NIFTY25OCT24700CE;;26/09/2025;NSE;FO;;buy;FALSE;75.000.000;383.300.000;4036139;1,4E+15;2025-09-26T14:13:52;28/10/2025
NIFTY25OCT24500CE;;26/09/2025;NSE;FO;;sell;FALSE;75.000.000;506.850.000;4568553;1E+15;2025-09-26T14:13:57;28/10/2025
NIFTY25OCT24500CE;;26/09/2025;NSE;FO;;sell;FALSE;150.000.000;507.000.000;4568552;1E+15;2025-09-26T14:13:57;28/10/2025
NIFTY25OCT24400PE;;26/09/2025;NSE;FO;;buy;FALSE;75.000.000;155.300.000;4374629;1,5E+15;2025-09-26T14:14:29;28/10/2025
NIFTY25OCT24400PE;;26/09/2025;NSE;FO;;buy;FALSE;150.000.000;155.300.000;4374630;1,5E+15;2025-09-26T14:14:29;28/10/2025
NIFTY25OCT24400PE;;26/09/2025;NSE;FO;;buy;FALSE;75.000.000;155.200.000;4374628;1,5E+15;2025-09-26T14:14:29;28/10/2025
NIFTY25OCT24600PE;;26/09/2025;NSE;FO;;sell;FALSE;150.000.000;218.150.000;3027298;1,2E+15;2025-09-26T14:14:37;28/10/2025
NIFTY25OCT24600PE;;26/09/2025;NSE;FO;;sell;FALSE;75.000.000;218.150.000;3027299;1,2E+15;2025-09-26T14:14:37;28/10/2025
BANKNIFTY25NOV56500CE;;26/09/2025;NSE;FO;;buy;FALSE;35.000.000;444.200.000;1611552;1,8E+15;2025-09-26T14:15:26;25/11/2025
BANKNIFTY25OCT55500CE;;26/09/2025;NSE;FO;;buy;FALSE;35.000.000;414.050.000;1504788;2E+15;2025-09-26T14:16:35;28/10/2025
BANKNIFTY25NOV55000CE;;26/09/2025;NSE;FO;;sell;FALSE;35.000.000;1.047.550.000;1920804;1,9E+15;2025-09-26T14:16:41;25/11/2025
BANKNIFTY25OCT58000CE;;26/09/2025;NSE;FO;;buy;FALSE;35.000.000;40.100.000;2167792;1,7E+15;2025-09-26T14:17:52;28/10/2025
BANKNIFTY25OCT55000CE;;26/09/2025;NSE;FO;;sell;FALSE;35.000.000;619.700.000;1928424;1,9E+15;2025-09-26T14:18:06;28/10/2025
NIFTY25OCT24300PE;;26/09/2025;NSE;FO;;sell;FALSE;75.000.000;137.100.000;4066947;1,3E+15;2025-09-26T14:36:24;28/10/2025
BANKNIFTY25OCT53500PE;;26/09/2025;NSE;FO;;buy;FALSE;35.000.000;280.700.000;1658893;2E+15;2025-09-26T14:49:56;28/10/2025
BANKNIFTY25OCT52000PE;;26/09/2025;NSE;FO;;sell;FALSE;35.000.000;92.300.000;2394774;1,7E+15;2025-09-26T14:50:05;28/10/2025
BANKNIFTY25OCT52000PE;;26/09/2025;NSE;FO;;sell;FALSE;35.000.000;92.250.000;2394775;1,7E+15;2025-09-26T14:50:05;28/10/2025
NIFTY25OCT24400PE;;26/09/2025;NSE;FO;;buy;FALSE;75.000.000;157.450.000;4863550;1,5E+15;2025-09-26T14:52:35;28/10/2025
NIFTY25OCT23500PE;;26/09/2025;NSE;FO;;sell;FALSE;150.000.000;37.400.000;4373923;1,1E+15;2025-09-26T14:52:43;28/10/2025
NIFTY25NOV24700PE;;29/09/2025;NSE;FO;;buy;FALSE;75.000.000;312.300.000;392738;1,4E+15;2025-09-29T09:19:22;25/11/2025
NIFTY25NOV25000PE;;29/09/2025;NSE;FO;;sell;FALSE;75.000.000;435.050.000;281341;1,3E+15;2025-09-29T09:19:37;25/11/2025
NIFTY25OCT24300PE;;29/09/2025;NSE;FO;;buy;FALSE;75.000.000;95.050.000;1566224;1,3E+15;2025-09-29T10:29:25;28/10/2025
NIFTY25NOV24700PE;;29/09/2025;NSE;FO;;buy;FALSE;75.000.000;271.000.000;2543964;1,4E+15;2025-09-29T10:29:54;25/11/2025
NIFTY25NOV24400PE;;29/09/2025;NSE;FO;;sell;FALSE;75.000.000;186.700.000;2368395;1,5E+15;2025-09-29T10:30:31;25/11/2025
BANKNIFTY25OCT54000CE;;01/10/2025;NSE;FO;;buy;FALSE;70.000.000;1.615.400.000;296818;1,7E+15;2025-10-01T11:24:10;28/10/2025
BANKNIFTY25OCT54000CE;;01/10/2025;NSE;FO;;buy;FALSE;35.000.000;1.615.500.000;296820;1,7E+15;2025-10-01T11:24:10;28/10/2025
BANKNIFTY25OCT54000CE;;01/10/2025;NSE;FO;;buy;FALSE;35.000.000;1.615.400.000;296819;1,7E+15;2025-10-01T11:24:10;28/10/2025
BANKNIFTY25OCT55000CE;;01/10/2025;NSE;FO;;sell;FALSE;35.000.000;881.300.000;297415;1,9E+15;2025-10-01T11:24:17;28/10/2025
BANKNIFTY25OCT55000CE;;01/10/2025;NSE;FO;;sell;FALSE;35.000.000;881.250.000;297416;1,9E+15;2025-10-01T11:24:17;28/10/2025
BANKNIFTY25OCT55000CE;;01/10/2025;NSE;FO;;sell;FALSE;35.000.000;881.300.000;297414;1,9E+15;2025-10-01T11:24:17;28/10/2025
BANKNIFTY25NOV56000CE;;01/10/2025;NSE;FO;;buy;FALSE;35.000.000;784.850.000;297479;1,7E+15;2025-10-01T11:24:36;25/11/2025
BANKNIFTY25NOV57000CE;;01/10/2025;NSE;FO;;sell;FALSE;35.000.000;405.450.000;298348;1,9E+15;2025-10-01T11:24:58;25/11/2025
BANKNIFTY25DECFUT;;01/10/2025;NSE;FO;;sell;FALSE;35.000.000;56.050.000.000;220750;1,8E+15;2025-10-01T11:29:02;30/12/2025
BANKNIFTY25DEC56000CE;;01/10/2025;NSE;FO;;buy;FALSE;35.000.000;1.275.000.000;304038;1,7E+15;2025-10-01T11:29:29;30/12/2025
BANKNIFTY25DEC57000CE;;01/10/2025;NSE;FO;;sell;FALSE;35.000.000;835.350.000;416751;1,9E+15;2025-10-01T12:22:12;30/12/2025
BANKNIFTY25OCT53000PE;;01/10/2025;NSE;FO;;buy;FALSE;35.000.000;91.550.000;449319;1,9E+15;2025-10-01T12:49:36;28/10/2025
BANKNIFTY25OCT55000PE;;01/10/2025;NSE;FO;;sell;FALSE;35.000.000;443.850.000;449379;1,9E+15;2025-10-01T12:49:43;28/10/2025
BANKNIFTY25DEC56000CE;;01/10/2025;NSE;FO;;buy;FALSE;35.000.000;1.350.000.000;506224;1,7E+15;2025-10-01T13:32:06;30/12/2025
BANKNIFTY25NOV55000PE;;01/10/2025;NSE;FO;;sell;FALSE;35.000.000;580.050.000;489254;1,9E+15;2025-10-01T13:33:36;25/11/2025
BANKNIFTY25NOV54000PE;;01/10/2025;NSE;FO;;buy;FALSE;35.000.000;332.600.000;508873;1,7E+15;2025-10-01T13:34:23;25/11/2025
NIFTY25OCT24400PE;;01/10/2025;NSE;FO;;sell;FALSE;75.000.000;99.100.000;2430750;1,5E+15;2025-10-01T13:35:03;28/10/2025
NIFTY25OCT24300PE;;01/10/2025;NSE;FO;;buy;FALSE;75.000.000;81.900.000;2902868;1,3E+15;2025-10-01T13:35:08;28/10/2025
NIFTY25NOV25200CE;;01/10/2025;NSE;FO;;buy;FALSE;75.000.000;323.950.000;2075069;1E+15;2025-10-01T13:40:41;25/11/2025
NIFTY25NOV25400CE;;01/10/2025;NSE;FO;;sell;FALSE;75.000.000;239.050.000;3567907;1,4E+15;2025-10-01T13:41:00;25/11/2025
NIFTY25DEC25500CE;;01/10/2025;NSE;FO;;buy;FALSE;75.000.000;393.000.000;2965149;1,6E+15;2025-10-01T13:42:15;30/12/2025
NIFTY25DECFUT;;01/10/2025;NSE;FO;;sell;FALSE;75.000.000;25.203.200.000;2080312;1E+15;2025-10-01T13:42:40;30/12/2025
NIFTY25NOV25000PE;;01/10/2025;NSE;FO;;sell;FALSE;75.000.000;354.050.000;3530532;1,3E+15;2025-10-01T15:11:01;25/11/2025
NIFTY25NOV24400PE;;01/10/2025;NSE;FO;;buy;FALSE;75.000.000;164.000.000;3079853;1,5E+15;2025-10-01T15:11:17;25/11/2025
BANKNIFTY25NOV56000CE;;03/10/2025;NSE;FO;;buy;FALSE;35.000.000;944.600.000;182123;1,7E+15;2025-10-03T10:32:20;25/11/2025
BANKNIFTY25NOV57000CE;;03/10/2025;NSE;FO;;sell;FALSE;35.000.000;495.550.000;170551;1,9E+15;2025-10-03T10:32:28;25/11/2025
BANKNIFTY25OCT55000PE;;03/10/2025;NSE;FO;;buy;FALSE;35.000.000;329.250.000;281825;1,9E+15;2025-10-03T12:24:02;28/10/2025
BANKNIFTY25OCT55000PE;;03/10/2025;NSE;FO;;buy;FALSE;35.000.000;329.250.000;281826;1,9E+15;2025-10-03T12:24:02;28/10/2025
BANKNIFTY25DEC56000CE;;03/10/2025;NSE;FO;;buy;FALSE;35.000.000;1.430.000.000;293653;1,7E+15;2025-10-03T12:24:50;30/12/2025
BANKNIFTY25DEC57000CE;;03/10/2025;NSE;FO;;sell;FALSE;35.000.000;915.000.000;282421;1,9E+15;2025-10-03T12:25:10;30/12/2025
BANKNIFTY25OCT55500PE;;03/10/2025;NSE;FO;;sell;FALSE;35.000.000;495.100.000;244948;2E+15;2025-10-03T12:25:20;28/10/2025
BANKNIFTY25NOV56000CE;;03/10/2025;NSE;FO;;buy;FALSE;35.000.000;951.950.000;454632;1,7E+15;2025-10-03T15:17:49;25/11/2025
BANKNIFTY25OCT53500PE;;03/10/2025;NSE;FO;;sell;FALSE;35.000.000;86.300.000;364420;2E+15;2025-10-03T15:19:44;28/10/2025
BANKNIFTY25OCT55700PE;;06/10/2025;NSE;FO;;buy;FALSE;35.000.000;475.100.000;66268;1,8E+15;2025-10-06T09:33:21;28/10/2025
BANKNIFTY25OCT55500PE;;06/10/2025;NSE;FO;;sell;FALSE;35.000.000;395.750.000;69772;2E+15;2025-10-06T09:33:30;28/10/2025
BANKNIFTY25NOV55000PE;;06/10/2025;NSE;FO;;buy;FALSE;35.000.000;393.400.000;95348;1,9E+15;2025-10-06T09:38:39;25/11/2025
BANKNIFTY25NOV55000PE;;06/10/2025;NSE;FO;;buy;FALSE;35.000.000;393.350.000;95347;1,9E+15;2025-10-06T09:38:39;25/11/2025
BANKNIFTY25NOV56000PE;;06/10/2025;NSE;FO;;sell;FALSE;35.000.000;701.550.000;116521;1,7E+15;2025-10-06T09:38:50;25/11/2025
BANKNIFTY25OCT55500PE;;06/10/2025;NSE;FO;;buy;FALSE;35.000.000;361.000.000;84180;2E+15;2025-10-06T09:39:03;28/10/2025
BANKNIFTY25NOV56000PE;;06/10/2025;NSE;FO;;sell;FALSE;35.000.000;702.000.000;117295;1,7E+15;2025-10-06T09:39:06;25/11/2025
BANKNIFTY25NOV54000PE;;06/10/2025;NSE;FO;;buy;FALSE;35.000.000;213.650.000;118471;1,7E+15;2025-10-06T09:39:31;25/11/2025
BANKNIFTY25NOV56000PE;;06/10/2025;NSE;FO;;sell;FALSE;35.000.000;699.000.000;118771;1,7E+15;2025-10-06T09:39:39;25/11/2025
BANKNIFTY25NOV56500CE;;06/10/2025;NSE;FO;;buy;FALSE;35.000.000;822.350.000;83764;1,8E+15;2025-10-06T09:41:13;25/11/2025
BANKNIFTY25NOV56500CE;;06/10/2025;NSE;FO;;buy;FALSE;35.000.000;822.400.000;83765;1,8E+15;2025-10-06T09:41:13;25/11/2025
BANKNIFTY25NOV56000CE;;06/10/2025;NSE;FO;;sell;FALSE;35.000.000;1.093.500.000;122952;1,7E+15;2025-10-06T09:41:25;25/11/2025
BANKNIFTY25NOV56000CE;;06/10/2025;NSE;FO;;sell;FALSE;35.000.000;1.092.300.000;122953;1,7E+15;2025-10-06T09:41:25;25/11/2025
BANKNIFTY25NOV56500CE;;06/10/2025;NSE;FO;;buy;FALSE;35.000.000;821.550.000;85340;1,8E+15;2025-10-06T09:41:58;25/11/2025
BANKNIFTY25NOV56500CE;;06/10/2025;NSE;FO;;buy;FALSE;35.000.000;824.750.000;85341;1,8E+15;2025-10-06T09:41:58;25/11/2025
BANKNIFTY25NOV56000CE;;06/10/2025;NSE;FO;;sell;FALSE;35.000.000;1.090.700.000;124659;1,7E+15;2025-10-06T09:42:08;25/11/2025
BANKNIFTY25NOV56000CE;;06/10/2025;NSE;FO;;sell;FALSE;35.000.000;1.089.050.000;124660;1,7E+15;2025-10-06T09:42:08;25/11/2025
BANKNIFTY25NOV56500CE;;06/10/2025;NSE;FO;;buy;FALSE;35.000.000;817.850.000;85807;1,8E+15;2025-10-06T09:42:15;25/11/2025
BANKNIFTY25NOV56000CE;;06/10/2025;NSE;FO;;sell;FALSE;35.000.000;1.091.150.000;125036;1,7E+15;2025-10-06T09:42:22;25/11/2025
BANKNIFTY25OCT53500PE;;06/10/2025;NSE;FO;;sell;FALSE;35.000.000;63.000.000;91941;2E+15;2025-10-06T09:43:03;28/10/2025
BANKNIFTY25OCT55500PE;;06/10/2025;NSE;FO;;buy;FALSE;35.000.000;297.150.000;328646;2E+15;2025-10-06T14:13:44;28/10/2025
BANKNIFTY25OCT55500PE;;06/10/2025;NSE;FO;;buy;FALSE;35.000.000;297.100.000;328644;2E+15;2025-10-06T14:13:44;28/10/2025
BANKNIFTY25OCT55500PE;;06/10/2025;NSE;FO;;buy;FALSE;35.000.000;297.100.000;328645;2E+15;2025-10-06T14:13:44;28/10/2025
NIFTY25OCT24700PE;;06/10/2025;NSE;FO;;buy;FALSE;75.000.000;83.600.000;5102715;1,4E+15;2025-10-06T14:14:44;28/10/2025
BANKNIFTY25OCT56000PE;;06/10/2025;NSE;FO;;sell;FALSE;35.000.000;457.050.000;498564;1,7E+15;2025-10-06T14:15:42;28/10/2025
NIFTY25NOV24500PE;;06/10/2025;NSE;FO;;buy;FALSE;75.000.000;128.350.000;3737777;1E+15;2025-10-06T14:16:44;25/11/2025
NIFTY25NOV25000PE;;06/10/2025;NSE;FO;;sell;FALSE;75.000.000;251.650.000;7499920;1,3E+15;2025-10-06T14:16:52;25/11/2025
NIFTY25NOV25500CE;;06/10/2025;NSE;FO;;buy;FALSE;150.000.000;266.850.000;3707608;1,6E+15;2025-10-06T14:17:22;25/11/2025
NIFTY25NOV25800CE;;06/10/2025;NSE;FO;;sell;FALSE;75.000.000;154.600.000;4698943;1,5E+15;2025-10-06T14:17:57;25/11/2025
NIFTY25NOV25200CE;;06/10/2025;NSE;FO;;sell;FALSE;75.000.000;412.500.000;3764191;1E+15;2025-10-06T14:18:54;25/11/2025
BANKNIFTY25NOV56700CE;;06/10/2025;NSE;FO;;buy;FALSE;35.000.000;799.450.000;330803;2E+15;2025-10-06T14:21:07;25/11/2025
BANKNIFTY25NOV56700CE;;06/10/2025;NSE;FO;;buy;FALSE;35.000.000;799.500.000;330804;2E+15;2025-10-06T14:21:07;25/11/2025
BANKNIFTY25NOV56500CE;;06/10/2025;NSE;FO;;sell;FALSE;35.000.000;901.650.000;334451;1,8E+15;2025-10-06T14:21:17;25/11/2025
BANKNIFTY25NOV56500CE;;06/10/2025;NSE;FO;;sell;FALSE;35.000.000;901.600.000;334452;1,8E+15;2025-10-06T14:21:17;25/11/2025
BANKNIFTY25NOV56700CE;;06/10/2025;NSE;FO;;buy;FALSE;70.000.000;805.450.000;330912;2E+15;2025-10-06T14:21:31;25/11/2025
BANKNIFTY25NOV56500CE;;06/10/2025;NSE;FO;;sell;FALSE;35.000.000;902.300.000;334655;1,8E+15;2025-10-06T14:21:40;25/11/2025
BANKNIFTY25NOV56500CE;;06/10/2025;NSE;FO;;sell;FALSE;35.000.000;902.300.000;334654;1,8E+15;2025-10-06T14:21:40;25/11/2025
BANKNIFTY25NOV56700CE;;06/10/2025;NSE;FO;;buy;FALSE;35.000.000;804.500.000;330967;2E+15;2025-10-06T14:21:46;25/11/2025
BANKNIFTY25NOV56500CE;;06/10/2025;NSE;FO;;sell;FALSE;35.000.000;904.300.000;334716;1,8E+15;2025-10-06T14:21:52;25/11/2025
NIFTY25O1425050CE;;06/10/2025;NSE;FO;;buy;FALSE;75.000.000;171.250.000;5662725;1,4E+15;2025-10-06T14:40:47;14/10/2025
NIFTY25O1425050PE;;06/10/2025;NSE;FO;;sell;FALSE;75.000.000;98.350.000;5663938;1,4E+15;2025-10-06T14:40:52;14/10/2025
BANKNIFTY25DEC56000CE;;06/10/2025;NSE;FO;;buy;FALSE;35.000.000;1.700.000.000;522564;1,7E+15;2025-10-06T14:41:48;30/12/2025
BANKNIFTY25DEC57000CE;;06/10/2025;NSE;FO;;sell;FALSE;35.000.000;1.110.000.000;405806;1,9E+15;2025-10-06T14:42:15;30/12/2025
BANKNIFTY25OCT55700PE;;06/10/2025;NSE;FO;;buy;FALSE;35.000.000;352.100.000;348576;1,8E+15;2025-10-06T14:47:57;28/10/2025
BANKNIFTY25OCT53500PE;;06/10/2025;NSE;FO;;sell;FALSE;35.000.000;56.600.000;342816;2E+15;2025-10-06T14:48:27;28/10/2025
BANKNIFTY25OCT53500PE;;06/10/2025;NSE;FO;;sell;FALSE;35.000.000;56.550.000;342928;2E+15;2025-10-06T14:48:45;28/10/2025
BANKNIFTY25OCT56100CE;;06/10/2025;NSE;FO;;buy;FALSE;35.000.000;684.200.000;366621;1,8E+15;2025-10-06T15:08:27;28/10/2025
BANKNIFTY25OCT57000CE;;06/10/2025;NSE;FO;;sell;FALSE;35.000.000;262.650.000;428141;1,9E+15;2025-10-06T15:08:45;28/10/2025
NIFTY25O1425050CE;;07/10/2025;NSE;FO;;buy;FALSE;75.000.000;190.500.000;37103;1,4E+15;2025-10-07T09:15:17;14/10/2025
NIFTY25O1425100CE;;07/10/2025;NSE;FO;;sell;FALSE;75.000.000;150.050.000;80999;1,5E+15;2025-10-07T09:15:24;14/10/2025
NIFTY25O1425050PE;;07/10/2025;NSE;FO;;buy;FALSE;75.000.000;78.800.000;86408;1,4E+15;2025-10-07T09:15:50;14/10/2025
BANKNIFTY25OCT56000PE;;07/10/2025;NSE;FO;;buy;FALSE;35.000.000;369.150.000;209771;1,7E+15;2025-10-07T10:26:01;28/10/2025
BANKNIFTY25OCT56500PE;;07/10/2025;NSE;FO;;sell;FALSE;35.000.000;560.000.000;162796;1,8E+15;2025-10-07T10:26:10;28/10/2025
BANKNIFTY25OCT56400CE;;07/10/2025;NSE;FO;;buy;FALSE;35.000.000;613.000.000;239752;1,7E+15;2025-10-07T10:52:27;28/10/2025
BANKNIFTY25OCT57000CE;;07/10/2025;NSE;FO;;sell;FALSE;35.000.000;323.200.000;197631;1,9E+15;2025-10-07T10:52:49;28/10/2025
BANKNIFTY25OCT56400CE;;07/10/2025;NSE;FO;;buy;FALSE;35.000.000;614.900.000;240334;1,7E+15;2025-10-07T10:53:08;28/10/2025
BANKNIFTY25OCT58000CE;;07/10/2025;NSE;FO;;sell;FALSE;35.000.000;87.850.000;240464;1,7E+15;2025-10-07T10:53:24;28/10/2025
BANKNIFTY25OCT58000CE;;07/10/2025;NSE;FO;;sell;FALSE;35.000.000;87.850.000;240463;1,7E+15;2025-10-07T10:53:24;28/10/2025
BANKNIFTY25OCT56400CE;;07/10/2025;NSE;FO;;buy;FALSE;35.000.000;612.850.000;240638;1,7E+15;2025-10-07T10:53:44;28/10/2025
BANKNIFTY25OCT56100CE;;07/10/2025;NSE;FO;;sell;FALSE;35.000.000;795.950.000;183601;1,8E+15;2025-10-07T10:53:48;28/10/2025
BANKNIFTY25OCT59000CE;;07/10/2025;NSE;FO;;buy;FALSE;35.000.000;28.050.000;198366;1,9E+15;2025-10-07T10:54:05;28/10/2025
BANKNIFTY25OCT59000CE;;07/10/2025;NSE;FO;;buy;FALSE;35.000.000;28.050.000;198365;1,9E+15;2025-10-07T10:54:05;28/10/2025
BANKNIFTY25NOV57100CE;;07/10/2025;NSE;FO;;buy;FALSE;35.000.000;708.000.000;172249;2E+15;2025-10-07T11:02:43;25/11/2025
BANKNIFTY25NOV56700CE;;07/10/2025;NSE;FO;;sell;FALSE;35.000.000;902.500.000;172428;2E+15;2025-10-07T11:03:03;25/11/2025
BANKNIFTY25NOV57100CE;;07/10/2025;NSE;FO;;buy;FALSE;35.000.000;701.450.000;172729;2E+15;2025-10-07T11:03:17;25/11/2025
BANKNIFTY25NOV56700CE;;07/10/2025;NSE;FO;;sell;FALSE;35.000.000;898.000.000;172882;2E+15;2025-10-07T11:03:25;25/11/2025
BANKNIFTY25NOV57100CE;;07/10/2025;NSE;FO;;buy;FALSE;35.000.000;701.300.000;172983;2E+15;2025-10-07T11:03:30;25/11/2025
BANKNIFTY25NOV56700CE;;07/10/2025;NSE;FO;;sell;FALSE;35.000.000;895.500.000;173296;2E+15;2025-10-07T11:03:39;25/11/2025
BANKNIFTY25NOV57100CE;;07/10/2025;NSE;FO;;buy;FALSE;35.000.000;698.850.000;173444;2E+15;2025-10-07T11:03:45;25/11/2025
BANKNIFTY25NOV56700CE;;07/10/2025;NSE;FO;;sell;FALSE;35.000.000;900.000.000;173644;2E+15;2025-10-07T11:03:53;25/11/2025
BANKNIFTY25NOV57100CE;;07/10/2025;NSE;FO;;buy;FALSE;35.000.000;701.300.000;173723;2E+15;2025-10-07T11:03:59;25/11/2025
BANKNIFTY25NOV56700CE;;07/10/2025;NSE;FO;;sell;FALSE;35.000.000;900.500.000;173817;2E+15;2025-10-07T11:04:05;25/11/2025
BANKNIFTY25NOV57100CE;;07/10/2025;NSE;FO;;buy;FALSE;35.000.000;702.500.000;173995;2E+15;2025-10-07T11:04:21;25/11/2025
BANKNIFTY25NOV57100CE;;07/10/2025;NSE;FO;;buy;FALSE;35.000.000;708.000.000;174440;2E+15;2025-10-07T11:05:02;25/11/2025
NIFTY25O1425150CE;;07/10/2025;NSE;FO;;buy;FALSE;150.000.000;159.000.000;5457590;1,6E+15;2025-10-07T11:09:07;14/10/2025
NIFTY25O1425050CE;;07/10/2025;NSE;FO;;sell;FALSE;150.000.000;225.300.000;2808079;1,4E+15;2025-10-07T11:09:31;14/10/2025
BANKNIFTY25DEC56000PE;;07/10/2025;NSE;FO;;buy;FALSE;35.000.000;720.000.000;258473;1,7E+15;2025-10-07T11:15:36;30/12/2025
BANKNIFTY25OCT58000CE;;07/10/2025;NSE;FO;;sell;FALSE;35.000.000;81.900.000;286569;1,7E+15;2025-10-07T11:29:18;28/10/2025
BANKNIFTY25OCT58000CE;;07/10/2025;NSE;FO;;sell;FALSE;35.000.000;81.900.000;286568;1,7E+15;2025-10-07T11:29:18;28/10/2025
NIFTY25DEC25000CE;;07/10/2025;NSE;FO;;buy;FALSE;75.000.000;804.900.000;3150700;1,3E+15;2025-10-07T11:37:19;30/12/2025
NIFTY25DEC25000CE;;07/10/2025;NSE;FO;;buy;FALSE;75.000.000;805.000.000;3193156;1,3E+15;2025-10-07T11:39:34;30/12/2025
NIFTY25DEC25500CE;;07/10/2025;NSE;FO;;sell;FALSE;75.000.000;496.000.000;7231531;1,6E+15;2025-10-07T11:39:59;30/12/2025
NIFTY25DEC25500CE;;07/10/2025;NSE;FO;;sell;FALSE;75.000.000;495.000.000;7245193;1,6E+15;2025-10-07T11:40:24;30/12/2025
NIFTY25NOV25800CE;;07/10/2025;NSE;FO;;buy;FALSE;75.000.000;191.550.000;11481043;1,5E+15;2025-10-07T14:13:21;25/11/2025
NIFTY25NOV25600CE;;07/10/2025;NSE;FO;;buy;FALSE;150.000.000;267.950.000;8002287;1,1E+15;2025-10-07T14:13:45;25/11/2025
NIFTY25NOV25500CE;;07/10/2025;NSE;FO;;sell;FALSE;150.000.000;314.050.000;13904453;1,6E+15;2025-10-07T14:13:51;25/11/2025
BANKNIFTY25DEC55500PE;;07/10/2025;NSE;FO;;sell;FALSE;35.000.000;540.000.000;325185;2E+15;2025-10-07T14:16:40;30/12/2025
BANKNIFTY25OCT57000CE;;07/10/2025;NSE;FO;;buy;FALSE;35.000.000;354.800.000;372754;1,9E+15;2025-10-07T14:19:28;28/10/2025
BANKNIFTY25DEC56500CE;;07/10/2025;NSE;FO;;buy;FALSE;35.000.000;1.550.000.000;357477;1,8E+15;2025-10-07T14:20:14;30/12/2025
BANKNIFTY25DEC56500CE;;07/10/2025;NSE;FO;;buy;FALSE;35.000.000;1.550.000.000;357757;1,8E+15;2025-10-07T14:20:40;30/12/2025
BANKNIFTY25DEC56000CE;;07/10/2025;NSE;FO;;sell;FALSE;35.000.000;1.862.000.000;475126;1,7E+15;2025-10-07T14:21:19;30/12/2025
BANKNIFTY25DEC56000CE;;07/10/2025;NSE;FO;;sell;FALSE;35.000.000;1.865.000.000;475622;1,7E+15;2025-10-07T14:22:02;30/12/2025
BANKNIFTY25DEC56500CE;;07/10/2025;NSE;FO;;buy;FALSE;35.000.000;1.555.000.000;358976;1,8E+15;2025-10-07T14:23:17;30/12/2025
BANKNIFTY25DEC56500CE;;07/10/2025;NSE;FO;;buy;FALSE;35.000.000;1.560.000.000;359194;1,8E+15;2025-10-07T14:23:53;30/12/2025
BANKNIFTY25OCT57000CE;;07/10/2025;NSE;FO;;buy;FALSE;35.000.000;362.100.000;375452;1,9E+15;2025-10-07T14:24:45;28/10/2025
BANKNIFTY25OCT56000CE;;07/10/2025;NSE;FO;;sell;FALSE;35.000.000;934.800.000;478267;1,7E+15;2025-10-07T14:24:49;28/10/2025
BANKNIFTY25OCT56500CE;;07/10/2025;NSE;FO;;buy;FALSE;35.000.000;613.450.000;360104;1,8E+15;2025-10-07T14:25:08;28/10/2025
BANKNIFTY25OCT56500CE;;07/10/2025;NSE;FO;;buy;FALSE;35.000.000;613.350.000;360103;1,8E+15;2025-10-07T14:25:08;28/10/2025
BANKNIFTY25OCT56500CE;;07/10/2025;NSE;FO;;buy;FALSE;35.000.000;613.350.000;360102;1,8E+15;2025-10-07T14:25:08;28/10/2025
BANKNIFTY25OCT56400CE;;07/10/2025;NSE;FO;;sell;FALSE;105.000.000;672.700.000;478740;1,7E+15;2025-10-07T14:25:13;28/10/2025
BANKNIFTY25DEC56000CE;;07/10/2025;NSE;FO;;sell;FALSE;70.000.000;1.870.000.000;479611;1,7E+15;2025-10-07T14:25:52;30/12/2025
BANKNIFTY25OCT56500PE;;07/10/2025;NSE;FO;;sell;FALSE;35.000.000;493.550.000;360793;1,8E+15;2025-10-07T14:26:09;28/10/2025
NIFTY25O1425250CE;;07/10/2025;NSE;FO;;sell;FALSE;75.000.000;82.450.000;9379736;1,1E+15;2025-10-07T14:38:59;14/10/2025
BANKNIFTY25OCT56000CE;;08/10/2025;NSE;FO;;buy;FALSE;35.000.000;721.400.000;220067;1,7E+15;2025-10-08T10:42:53;28/10/2025
BANKNIFTY25OCT56000CE;;08/10/2025;NSE;FO;;buy;FALSE;35.000.000;718.350.000;220384;1,7E+15;2025-10-08T10:43:05;28/10/2025
BANKNIFTY25OCT56600CE;;08/10/2025;NSE;FO;;sell;FALSE;35.000.000;399.600.000;192147;1,9E+15;2025-10-08T10:43:37;28/10/2025
BANKNIFTY25NOV56500CE;;08/10/2025;NSE;FO;;buy;FALSE;35.000.000;898.450.000;170594;1,8E+15;2025-10-08T10:44:41;25/11/2025
BANKNIFTY25OCT56500CE;;08/10/2025;NSE;FO;;sell;FALSE;35.000.000;442.100.000;171127;1,8E+15;2025-10-08T10:45:14;28/10/2025
BANKNIFTY25OCT56500CE;;08/10/2025;NSE;FO;;sell;FALSE;35.000.000;442.000.000;171128;1,8E+15;2025-10-08T10:45:14;28/10/2025
BANKNIFTY25OCT56500CE;;08/10/2025;NSE;FO;;sell;FALSE;35.000.000;426.900.000;176536;1,8E+15;2025-10-08T10:47:05;28/10/2025
NIFTY25O1425050CE;;08/10/2025;NSE;FO;;buy;FALSE;75.000.000;134.950.000;1155583;1,4E+15;2025-10-08T11:03:23;14/10/2025
NIFTY25O1425250CE;;08/10/2025;NSE;FO;;buy;FALSE;75.000.000;47.700.000;1231773;1,1E+15;2025-10-08T11:03:34;14/10/2025
NIFTY25O1425150CE;;08/10/2025;NSE;FO;;sell;FALSE;75.000.000;82.200.000;2043991;1,6E+15;2025-10-08T11:03:44;14/10/2025
NIFTY25O1425150CE;;08/10/2025;NSE;FO;;sell;FALSE;75.000.000;82.200.000;2043992;1,6E+15;2025-10-08T11:03:44;14/10/2025
BANKNIFTY25NOV59000CE;;08/10/2025;NSE;FO;;buy;FALSE;35.000.000;114.800.000;233256;1,9E+15;2025-10-08T11:06:40;25/11/2025
BANKNIFTY25NOV59000CE;;08/10/2025;NSE;FO;;buy;FALSE;35.000.000;114.750.000;233255;1,9E+15;2025-10-08T11:06:40;25/11/2025
BANKNIFTY25NOV57100CE;;08/10/2025;NSE;FO;;sell;FALSE;70.000.000;537.500.000;181061;2E+15;2025-10-08T11:06:57;25/11/2025
NIFTY25OCT25200PE;;08/10/2025;NSE;FO;;buy;FALSE;75.000.000;250.800.000;2588839;1E+15;2025-10-08T11:30:36;28/10/2025
NIFTY25OCT25000PE;;08/10/2025;NSE;FO;;sell;FALSE;75.000.000;161.700.000;1822474;1,3E+15;2025-10-08T11:30:41;28/10/2025
NIFTY25OCT25300PE;;08/10/2025;NSE;FO;;buy;FALSE;75.000.000;308.700.000;1520613;1,2E+15;2025-10-08T11:30:51;28/10/2025
NIFTY25NOV24500PE;;08/10/2025;NSE;FO;;sell;FALSE;75.000.000;129.900.000;2602511;1E+15;2025-10-08T11:31:46;25/11/2025
NIFTY25NOV26000CE;;08/10/2025;NSE;FO;;buy;FALSE;75.000.000;96.100.000;1531091;1,2E+15;2025-10-08T11:32:18;25/11/2025
NIFTY25NOV25600CE;;08/10/2025;NSE;FO;;sell;FALSE;75.000.000;207.900.000;1593693;1,1E+15;2025-10-08T11:32:48;25/11/2025
NIFTY25NOV26500CE;;08/10/2025;NSE;FO;;buy;FALSE;75.000.000;32.550.000;2627415;1,5E+15;2025-10-08T11:33:49;25/11/2025
NIFTY25NOV26000CE;;08/10/2025;NSE;FO;;sell;FALSE;75.000.000;95.750.000;1539538;1,2E+15;2025-10-08T11:34:00;25/11/2025
NIFTY25OCT24500CE;;08/10/2025;NSE;FO;;buy;FALSE;75.000.000;687.900.000;2905510;1E+15;2025-10-08T12:15:50;28/10/2025
NIFTY25OCT25000CE;;08/10/2025;NSE;FO;;sell;FALSE;75.000.000;290.300.000;2311764;1,3E+15;2025-10-08T12:18:14;28/10/2025
BANKNIFTY25OCT56000PE;;08/10/2025;NSE;FO;;buy;FALSE;35.000.000;441.850.000;692561;1,7E+15;2025-10-08T15:21:59;28/10/2025
BANKNIFTY25OCT56000PE;;09/10/2025;NSE;FO;;sell;FALSE;35.000.000;462.450.000;169784;1,7E+15;2025-10-09T10:17:58;28/10/2025
BANKNIFTY25OCT54000PE;;09/10/2025;NSE;FO;;buy;FALSE;35.000.000;74.650.000;172764;1,7E+15;2025-10-09T10:19:13;28/10/2025
BANKNIFTY25OCT55700PE;;09/10/2025;NSE;FO;;sell;FALSE;35.000.000;338.600.000;111155;1,8E+15;2025-10-09T10:19:26;28/10/2025
BANKNIFTY25OCT54000PE;;09/10/2025;NSE;FO;;buy;FALSE;35.000.000;73.700.000;175036;1,7E+15;2025-10-09T10:19:35;28/10/2025
BANKNIFTY25OCT55700PE;;09/10/2025;NSE;FO;;sell;FALSE;35.000.000;341.150.000;111623;1,8E+15;2025-10-09T10:19:45;28/10/2025
BANKNIFTY25OCT56500PE;;09/10/2025;NSE;FO;;buy;FALSE;35.000.000;695.950.000;112666;1,8E+15;2025-10-09T10:20:47;28/10/2025
BANKNIFTY25OCT55000PE;;09/10/2025;NSE;FO;;sell;FALSE;35.000.000;182.600.000;127570;1,9E+15;2025-10-09T10:20:50;28/10/2025
BANKNIFTY25OCT56500PE;;09/10/2025;NSE;FO;;buy;FALSE;35.000.000;703.050.000;114029;1,8E+15;2025-10-09T10:21:49;28/10/2025
BANKNIFTY25OCT55000PE;;09/10/2025;NSE;FO;;sell;FALSE;35.000.000;185.100.000;128880;1,9E+15;2025-10-09T10:21:54;28/10/2025
BANKNIFTY25OCT55000PE;;09/10/2025;NSE;FO;;buy;FALSE;35.000.000;179.350.000;129821;1,9E+15;2025-10-09T10:23:04;28/10/2025
BANKNIFTY25OCT56000PE;;09/10/2025;NSE;FO;;sell;FALSE;35.000.000;449.350.000;182126;1,7E+15;2025-10-09T10:23:07;28/10/2025
BANKNIFTY25OCT55000PE;;09/10/2025;NSE;FO;;buy;FALSE;35.000.000;181.400.000;129957;1,9E+15;2025-10-09T10:23:19;28/10/2025
BANKNIFTY25OCT56000PE;;09/10/2025;NSE;FO;;sell;FALSE;35.000.000;455.850.000;182574;1,7E+15;2025-10-09T10:23:27;28/10/2025
NIFTY25O1425200CE;;09/10/2025;NSE;FO;;buy;FALSE;75.000.000;101.700.000;2069435;1E+15;2025-10-09T11:40:01;14/10/2025
NIFTY25O1425050CE;;09/10/2025;NSE;FO;;sell;FALSE;75.000.000;205.400.000;2151742;1,4E+15;2025-10-09T11:40:40;14/10/2025
BANKNIFTY25OCT56300PE;;09/10/2025;NSE;FO;;buy;FALSE;35.000.000;457.650.000;204314;2E+15;2025-10-09T11:46:45;28/10/2025
BANKNIFTY25OCT56500CE;;09/10/2025;NSE;FO;;buy;FALSE;35.000.000;516.650.000;216097;1,8E+15;2025-10-09T11:47:09;28/10/2025
BANKNIFTY25OCT56500CE;;09/10/2025;NSE;FO;;buy;FALSE;35.000.000;517.200.000;216899;1,8E+15;2025-10-09T11:47:28;28/10/2025
BANKNIFTY25NOV59000CE;;09/10/2025;NSE;FO;;buy;FALSE;35.000.000;136.150.000;381670;1,9E+15;2025-10-09T14:38:24;25/11/2025
BANKNIFTY25NOV57100CE;;09/10/2025;NSE;FO;;sell;FALSE;35.000.000;625.550.000;301921;2E+15;2025-10-09T14:38:33;25/11/2025
BANKNIFTY25NOV58000CE;;09/10/2025;NSE;FO;;sell;FALSE;35.000.000;314.550.000;491810;1,7E+15;2025-10-09T14:40:46;25/11/2025
BANKNIFTY25OCT56500CE;;09/10/2025;NSE;FO;;buy;FALSE;35.000.000;458.050.000;335182;1,8E+15;2025-10-09T14:41:23;28/10/2025
BANKNIFTY25OCT56000CE;;09/10/2025;NSE;FO;;sell;FALSE;35.000.000;744.500.000;492236;1,7E+15;2025-10-09T14:41:28;28/10/2025
