symbol,isin,trade_date,exchange,segment,series,trade_type,auction,quantity,price,trade_id,order_id,order_execution_time,expiry_date
NIFTY2590224550PE,,2025-09-01,NSE,FO,,buy,false,75.000000,50.650000,1415959,1100000029001342,2025-09-01T09:53:54,2025-09-02
NIFTY2590924550CE,,2025-09-01,NSE,FO,,buy,false,75.000000,185.700000,1448983,1100000029699429,2025-09-01T09:54:54,2025-09-09
NIFTY2590924600CE,,2025-09-01,NSE,FO,,sell,false,75.000000,157.400000,1181069,1200000028157463,2025-09-01T09:54:58,2025-09-09
NIFTY2590224550PE,,2025-09-01,NSE,FO,,buy,false,75.000000,51.100000,1469913,1100000030188096,2025-09-01T09:55:33,2025-09-02
NIFTY2590224800PE,,2025-09-01,NSE,FO,,buy,false,75.000000,243.100000,1000741,1600000026600034,2025-09-01T09:56:41,2025-09-02
NIFTY2590224450PE,,2025-09-01,NSE,FO,,buy,false,75.000000,24.850000,1003502,1600000026681954,2025-09-01T09:56:50,2025-09-02
NIFTY2590224400PE,,2025-09-01,NSE,FO,,sell,false,75.000000,15.850000,975688,1500000027742478,2025-09-01T09:57:02,2025-09-02
NIFTY2590224400PE,,2025-09-01,NSE,FO,,sell,false,225.000000,15.850000,975687,1500000027742478,2025-09-01T09:57:02,2025-09-02
NIFTY2590224400CE,,2025-09-01,NSE,FO,,sell,false,75.000000,186.200000,977992,1500000027866806,2025-09-01T09:57:19,2025-09-02
NIFTY2590224600PE,,2025-09-01,NSE,FO,,buy,false,75.000000,44.250000,5774756,1200000142902408,2025-09-01T14:20:35,2025-09-02
NIFTY2590224550PE,,2025-09-01,NSE,FO,,sell,false,75.000000,28.450000,6181005,1100000148409023,2025-09-01T14:21:02,2025-09-02
NIFTY2590224550PE,,2025-09-01,NSE,FO,,sell,false,75.000000,28.400000,6181006,1100000148409023,2025-09-01T14:21:02,2025-09-02
NIFTY2590225050PE,,2025-09-01,NSE,FO,,buy,false,75.000000,424.550000,3186111,1400000136623423,2025-09-01T14:50:23,2025-09-02
NIFTY2590224600CE,,2025-09-01,NSE,FO,,buy,false,75.000000,69.400000,6335456,1200000155796018,2025-09-01T14:50:58,2025-09-02
NIFTY2590924650CE,,2025-09-01,NSE,FO,,buy,false,75.000000,148.900000,3774169,1300000146791276,2025-09-01T14:53:02,2025-09-09
NIFTY2591624800CE,,2025-09-01,NSE,FO,,sell,false,75.000000,147.550000,3240023,1600000132521269,2025-09-01T14:53:29,2025-09-16
NIFTY25SEP24900CE,,2025-09-02,NSE,FO,,buy,false,150.000000,212.850000,496314,1100000009926405,2025-09-02T09:27:26,2025-09-30
NIFTY25SEP24500CE,,2025-09-02,NSE,FO,,sell,false,75.000000,436.250000,468703,1000000009562172,2025-09-02T09:27:33,2025-09-30
NIFTY25SEP24900CE,,2025-09-02,NSE,FO,,buy,false,150.000000,214.000000,506002,1100000010150443,2025-09-02T09:27:44,2025-09-30
NIFTY25SEP24500CE,,2025-09-02,NSE,FO,,sell,false,75.000000,438.800000,479860,1000000009776235,2025-09-02T09:27:50,2025-09-30
NIFTY25SEP24500PE,,2025-09-02,NSE,FO,,sell,false,75.000000,173.250000,496208,1000000010131513,2025-09-02T09:28:20,2025-09-30
NIFTY25SEP24300PE,,2025-09-02,NSE,FO,,buy,false,75.000000,119.000000,1355221,1300000013289425,2025-09-02T09:28:28,2025-09-30
NIFTY2590224650PE,,2025-09-02,NSE,FO,,buy,false,75.000000,36.400000,1428072,1300000014268392,2025-09-02T09:29:43,2025-09-02
NIFTY2590224600PE,,2025-09-02,NSE,FO,,sell,false,75.000000,19.000000,1079001,1200000012985355,2025-09-02T09:29:55,2025-09-02
NIFTY2590224700CE,,2025-09-02,NSE,FO,,buy,false,75.000000,26.600000,1587799,1400000017487214,2025-09-02T09:34:41,2025-09-02
NIFTY2590224600CE,,2025-09-02,NSE,FO,,sell,false,75.000000,88.800000,1382387,1200000016709293,2025-09-02T09:34:47,2025-09-02
NIFTY25NOV25000CE,,2025-09-02,NSE,FO,,buy,false,75.000000,545.000000,2229912,1300000023447265,2025-09-02T09:41:02,2025-11-25
NIFTY25NOV25500CE,,2025-09-02,NSE,FO,,sell,false,75.000000,310.000000,778039,1600000017016428,2025-09-02T09:41:16,2025-11-25
BANKNIFTY25NOV54000CE,,2025-09-02,NSE,FO,,buy,false,35.000000,1745.000000,89341,1700000011378052,2025-09-02T09:42:26,2025-11-25
BANKNIFTY25NOV55000CE,,2025-09-02,NSE,FO,,sell,false,35.000000,1150.000000,47138,1900000009518672,2025-09-02T09:42:35,2025-11-25
NIFTY2590224700PE,,2025-09-02,NSE,FO,,buy,false,75.000000,23.350000,4915252,1400000054066885,2025-09-02T10:25:21,2025-09-02
NIFTY2590224650PE,,2025-09-02,NSE,FO,,sell,false,75.000000,12.750000,4034742,1300000054024759,2025-09-02T10:25:29,2025-09-02
NIFTY2590224750CE,,2025-09-02,NSE,FO,,buy,false,75.000000,31.000000,3299675,1500000049531549,2025-09-02T10:25:50,2025-09-02
NIFTY2590224700CE,,2025-09-02,NSE,FO,,sell,false,75.000000,58.900000,4925993,1400000054334651,2025-09-02T10:25:56,2025-09-02
NIFTY2590924750CE,,2025-09-02,NSE,FO,,buy,false,150.000000,141.800000,6471923,1500000101388029,2025-09-02T11:59:32,2025-09-09
NIFTY2590924550CE,,2025-09-02,NSE,FO,,sell,false,75.000000,277.250000,2398704,1100000075700782,2025-09-02T11:59:52,2025-09-09
NIFTY2590924650CE,,2025-09-02,NSE,FO,,sell,false,75.000000,203.600000,5409235,1300000097857372,2025-09-02T11:59:59,2025-09-09
NIFTY2590224700PE,,2025-09-02,NSE,FO,,sell,false,75.000000,110.150000,15154817,1400000185578745,2025-09-02T14:00:41,2025-09-02
NIFTY2590224750CE,,2025-09-02,NSE,FO,,sell,false,75.000000,1.800000,12483676,1500000179985992,2025-09-02T14:00:41,2025-09-02
NIFTY25SEP24000PE,,2025-09-03,NSE,FO,,buy,false,75.000000,88.400000,132796,1400000002799267,2025-09-03T09:18:22,2025-09-30
NIFTY2590924550CE,,2025-09-03,NSE,FO,,buy,false,75.000000,137.000000,242190,1100000006311435,2025-09-03T09:22:12,2025-09-09
BANKNIFTY25OCT55000CE,,2025-09-03,NSE,FO,,buy,false,105.000000,688.000000,96313,1900000017667534,2025-09-03T10:07:51,2025-10-28
BANKNIFTY25OCT54500CE,,2025-09-03,NSE,FO,,sell,false,70.000000,920.500000,113120,1800000018602963,2025-09-03T10:07:57,2025-10-28
BANKNIFTY25SEP54500CE,,2025-09-03,NSE,FO,,buy,false,35.000000,507.050000,117858,1800000019439192,2025-09-03T10:10:23,2025-09-30
BANKNIFTY25SEP54500CE,,2025-09-03,NSE,FO,,buy,false,35.000000,507.050000,117859,1800000019439192,2025-09-03T10:10:23,2025-09-30
BANKNIFTY25SEP54000CE,,2025-09-03,NSE,FO,,sell,false,35.000000,756.100000,160369,1700000021888296,2025-09-03T10:10:29,2025-09-30
BANKNIFTY25SEP54000CE,,2025-09-03,NSE,FO,,sell,false,35.000000,752.300000,164558,1700000022718709,2025-09-03T10:13:16,2025-09-30
NIFTY2590924700CE,,2025-09-03,NSE,FO,,sell,false,75.000000,79.650000,1010044,1400000047855409,2025-09-03T10:30:15,2025-09-09
NIFTY2590924600CE,,2025-09-03,NSE,FO,,buy,false,75.000000,124.000000,1711735,1200000053897874,2025-09-03T10:30:27,2025-09-09
NIFTY2590924600CE,,2025-09-03,NSE,FO,,buy,false,75.000000,124.050000,1711736,1200000053897874,2025-09-03T10:30:27,2025-09-09
NIFTY2590924550CE,,2025-09-03,NSE,FO,,sell,false,75.000000,152.200000,1247139,1100000051421226,2025-09-03T10:30:32,2025-09-09
NIFTY2590924750CE,,2025-09-03,NSE,FO,,sell,false,75.000000,59.450000,740407,1500000045744639,2025-09-03T10:30:53,2025-09-09
NIFTY2590924750CE,,2025-09-03,NSE,FO,,sell,false,75.000000,58.900000,746906,1500000046385534,2025-09-03T10:32:11,2025-09-09
NIFTY2591624700CE,,2025-09-03,NSE,FO,,buy,false,75.000000,148.550000,1032651,1400000049375640,2025-09-03T10:33:02,2025-09-16
NIFTY2590924900CE,,2025-09-04,NSE,FO,,buy,false,75.000000,106.750000,523056,1100000010179436,2025-09-04T09:24:50,2025-09-09
NIFTY2590924850PE,,2025-09-04,NSE,FO,,buy,false,75.000000,87.450000,461432,1000000010987315,2025-09-04T09:25:15,2025-09-09
NIFTY2590924600CE,,2025-09-04,NSE,FO,,sell,false,75.000000,313.650000,390716,1200000010315910,2025-09-04T09:25:25,2025-09-09
NIFTY25SEP24700PE,,2025-09-04,NSE,FO,,buy,false,75.000000,144.200000,477557,1400000014782920,2025-09-04T09:31:32,2025-09-30
NIFTY25SEP24000PE,,2025-09-04,NSE,FO,,buy,false,75.000000,38.850000,485560,1400000015072645,2025-09-04T09:31:55,2025-09-30
NIFTY25SEP24500PE,,2025-09-04,NSE,FO,,sell,false,75.000000,97.100000,658786,1000000017394153,2025-09-04T09:32:07,2025-09-30
NIFTY25SEP24500PE,,2025-09-04,NSE,FO,,sell,false,75.000000,97.000000,658787,1000000017394153,2025-09-04T09:32:07,2025-09-30
NIFTY2592324600PE,,2025-09-04,NSE,FO,,buy,false,75.000000,84.000000,585684,1200000017924445,2025-09-04T09:34:11,2025-09-23
NIFTY2592324500PE,,2025-09-04,NSE,FO,,sell,false,75.000000,64.000000,719083,1000000019317035,2025-09-04T09:34:33,2025-09-23
NIFTY2590924400CE,,2025-09-04,NSE,FO,,buy,false,75.000000,564.100000,539095,1500000017735844,2025-09-04T09:35:45,2025-09-09
NIFTY2590924900PE,,2025-09-04,NSE,FO,,sell,false,75.000000,78.550000,910278,1100000019790728,2025-09-04T09:35:52,2025-09-09
NIFTY2591625000CE,,2025-09-04,NSE,FO,,buy,false,75.000000,151.700000,806665,1300000019809849,2025-09-04T09:36:38,2025-09-16
NIFTY2591624700CE,,2025-09-04,NSE,FO,,sell,false,75.000000,344.150000,590899,1400000018789953,2025-09-04T09:36:48,2025-09-16
NIFTY25OCT24000PE,,2025-09-04,NSE,FO,,buy,false,75.000000,95.550000,644508,1400000020907229,2025-09-04T09:39:55,2025-10-28
NIFTY25OCT24700PE,,2025-09-04,NSE,FO,,sell,false,75.000000,231.900000,645184,1400000020941206,2025-09-04T09:39:58,2025-10-28
NIFTY25OCT23500PE,,2025-09-04,NSE,FO,,buy,false,75.000000,50.500000,1053102,1100000023419227,2025-09-04T09:40:19,2025-10-28
NIFTY25OCT23500PE,,2025-09-04,NSE,FO,,buy,false,75.000000,50.500000,1053103,1100000023419227,2025-09-04T09:40:19,2025-10-28
NIFTY25OCT24200PE,,2025-09-04,NSE,FO,,sell,false,75.000000,120.500000,1062201,1100000023634953,2025-09-04T09:40:33,2025-10-28
NIFTY25OCT24200PE,,2025-09-04,NSE,FO,,sell,false,75.000000,120.500000,1062202,1100000023634953,2025-09-04T09:40:33,2025-10-28
NIFTY2590925100CE,,2025-09-04,NSE,FO,,sell,false,75.000000,36.750000,639567,1500000022656407,2025-09-04T09:42:42,2025-09-09
NIFTY25OCT26500CE,,2025-09-04,NSE,FO,,buy,false,75.000000,35.800000,758311,1500000031565215,2025-09-04T09:56:17,2025-10-28
NIFTY25OCT26500CE,,2025-09-04,NSE,FO,,buy,false,75.000000,35.750000,758310,1500000031565215,2025-09-04T09:56:17,2025-10-28
NIFTY25OCT25000CE,,2025-09-04,NSE,FO,,buy,false,75.000000,468.850000,1135817,1300000034250191,2025-09-04T09:56:31,2025-10-28
NIFTY25OCT26000CE,,2025-09-04,NSE,FO,,sell,false,150.000000,94.300000,995361,1200000034570875,2025-09-04T09:56:31,2025-10-28
NIFTY25OCT24700PE,,2025-09-04,NSE,FO,,buy,false,75.000000,231.250000,827426,1400000032909827,2025-09-04T09:58:49,2025-10-28
NIFTY25OCT24900PE,,2025-09-04,NSE,FO,,sell,false,75.000000,296.000000,1415609,1100000037041291,2025-09-04T09:58:52,2025-10-28
NIFTY2590925000CE,,2025-09-04,NSE,FO,,buy,false,75.000000,65.750000,1220676,1300000039904819,2025-09-04T10:06:00,2025-09-09
NIFTY2590925100CE,,2025-09-04,NSE,FO,,sell,false,75.000000,35.200000,823532,1500000037004775,2025-09-04T10:06:06,2025-09-09
BANKNIFTY25OCT53000PE,,2025-09-04,NSE,FO,,buy,false,35.000000,335.200000,145827,1900000021793584,2025-09-04T10:14:53,2025-10-28
BANKNIFTY25OCT53000PE,,2025-09-04,NSE,FO,,buy,false,35.000000,335.350000,145828,1900000021793584,2025-09-04T10:14:53,2025-10-28
BANKNIFTY25OCT54000PE,,2025-09-04,NSE,FO,,sell,false,35.000000,613.250000,202258,1700000024552963,2025-09-04T10:15:11,2025-10-28
BANKNIFTY25OCT55000CE,,2025-09-04,NSE,FO,,buy,false,35.000000,762.950000,149586,1900000022148288,2025-09-04T10:15:40,2025-10-28
BANKNIFTY25OCT54000CE,,2025-09-04,NSE,FO,,sell,false,35.000000,1307.150000,205283,1700000024848279,2025-09-04T10:15:47,2025-10-28
BANKNIFTY25OCT52500PE,,2025-09-04,NSE,FO,,buy,false,35.000000,251.950000,135275,1800000022607922,2025-09-04T10:16:14,2025-10-28
BANKNIFTY25OCT53500PE,,2025-09-04,NSE,FO,,sell,false,70.000000,456.950000,123218,2000000019988249,2025-09-04T10:16:29,2025-10-28
BANKNIFTY25OCT52000PE,,2025-09-04,NSE,FO,,buy,false,35.000000,182.100000,208953,1700000025370432,2025-09-04T10:16:53,2025-10-28
BANKNIFTY25OCT52000PE,,2025-09-04,NSE,FO,,buy,false,35.000000,181.400000,209680,1700000025467319,2025-09-04T10:17:05,2025-10-28
BANKNIFTY25OCT52500PE,,2025-09-04,NSE,FO,,sell,false,35.000000,241.000000,137246,1800000023010493,2025-09-04T10:17:10,2025-10-28
BANKNIFTY25OCT52500PE,,2025-09-04,NSE,FO,,sell,false,35.000000,241.050000,137245,1800000023010493,2025-09-04T10:17:10,2025-10-28
NIFTY2592324850CE,,2025-09-04,NSE,FO,,buy,false,75.000000,250.000000,1774436,1000000069271337,2025-09-04T10:40:04,2025-09-23
NIFTY2592325000CE,,2025-09-04,NSE,FO,,sell,false,75.000000,174.000000,1726648,1300000064103827,2025-09-04T10:40:18,2025-09-23
NIFTY2590925100CE,,2025-09-04,NSE,FO,,buy,false,75.000000,25.600000,1570952,1500000089913336,2025-09-04T11:37:47,2025-09-09
NIFTY2590924800CE,,2025-09-04,NSE,FO,,sell,false,75.000000,132.150000,2210195,1600000095520610,2025-09-04T11:37:56,2025-09-09
NIFTY2590924750PE,,2025-09-04,NSE,FO,,buy,false,75.000000,91.650000,3029120,1500000183415168,2025-09-04T14:38:52,2025-09-09
NIFTY2590924800CE,,2025-09-04,NSE,FO,,buy,false,75.000000,81.550000,4496414,1600000196552210,2025-09-04T14:39:45,2025-09-09
NIFTY2590924700CE,,2025-09-04,NSE,FO,,sell,false,75.000000,134.600000,3021542,1400000183526077,2025-09-04T14:39:58,2025-09-09
NIFTY2590924850PE,,2025-09-04,NSE,FO,,sell,false,75.000000,151.350000,4175225,1000000216477943,2025-09-04T14:40:18,2025-09-09
NIFTY2590924800CE,,2025-09-05,NSE,FO,,buy,false,75.000000,109.650000,474931,1600000006382076,2025-09-05T09:21:43,2025-09-09
NIFTY2590924900CE,,2025-09-05,NSE,FO,,sell,false,75.000000,54.600000,305842,1100000005958832,2025-09-05T09:22:40,2025-09-09
NIFTY2590925100CE,,2025-09-05,NSE,FO,,buy,false,75.000000,12.050000,499319,1500000012899545,2025-09-05T09:31:12,2025-09-09
NIFTY2590925000CE,,2025-09-05,NSE,FO,,sell,false,75.000000,25.450000,443380,1300000012870295,2025-09-05T09:31:20,2025-09-09
NIFTY2590924550PE,,2025-09-05,NSE,FO,,buy,false,75.000000,38.900000,2916877,1100000099213314,2025-09-05T12:11:34,2025-09-09
NIFTY2590924650PE,,2025-09-05,NSE,FO,,sell,false,75.000000,70.300000,3454952,1300000108851888,2025-09-05T12:11:38,2025-09-09
NIFTY2590924700PE,,2025-09-05,NSE,FO,,buy,false,75.000000,96.400000,4441271,1400000110811850,2025-09-05T12:12:19,2025-09-09
NIFTY2590924750PE,,2025-09-05,NSE,FO,,sell,false,75.000000,123.700000,3385883,1500000107159592,2025-09-05T12:12:26,2025-09-09
NIFTY2590924700CE,,2025-09-05,NSE,FO,,buy,false,150.000000,81.650000,4449507,1400000111161644,2025-09-05T12:13:17,2025-09-09
NIFTY2590924550CE,,2025-09-05,NSE,FO,,sell,false,75.000000,176.500000,2923947,1100000099756192,2025-09-05T12:13:20,2025-09-09
NIFTY2591624800CE,,2025-09-05,NSE,FO,,buy,false,75.000000,114.550000,4698742,1600000115159186,2025-09-05T12:18:47,2025-09-16
NIFTY2591624650CE,,2025-09-05,NSE,FO,,sell,false,75.000000,187.850000,3581314,1300000112522475,2025-09-05T12:18:52,2025-09-16
NIFTY2592324650CE,,2025-09-05,NSE,FO,,buy,false,75.000000,260.000000,3628465,1300000114089122,2025-09-05T12:22:06,2025-09-23
NIFTY2592324800CE,,2025-09-05,NSE,FO,,sell,false,75.000000,179.900000,4730745,1600000116596122,2025-09-05T12:22:16,2025-09-23
NIFTY2590924600PE,,2025-09-05,NSE,FO,,buy,false,75.000000,58.000000,3057705,1200000106968477,2025-09-05T12:23:49,2025-09-09
NIFTY2590924700PE,,2025-09-05,NSE,FO,,sell,false,75.000000,100.250000,4657366,1400000116571662,2025-09-05T12:23:58,2025-09-09
NIFTY2590924600PE,,2025-09-05,NSE,FO,,buy,false,75.000000,57.550000,3060173,1200000107109645,2025-09-05T12:24:13,2025-09-09
NIFTY2590924550PE,,2025-09-05,NSE,FO,,sell,false,75.000000,42.400000,3022629,1100000104242020,2025-09-05T12:24:33,2025-09-09
NIFTY2591624750PE,,2025-09-05,NSE,FO,,buy,false,75.000000,126.700000,4837805,1500000157489767,2025-09-05T13:55:24,2025-09-16
NIFTY2591624600PE,,2025-09-05,NSE,FO,,sell,false,75.000000,76.550000,4477766,1200000152297607,2025-09-05T13:55:26,2025-09-16
NIFTY2592324850CE,,2025-09-05,NSE,FO,,buy,false,75.000000,209.000000,4662671,1000000165539498,2025-09-05T13:59:47,2025-09-23
NIFTY2592324650CE,,2025-09-05,NSE,FO,,sell,false,75.000000,330.000000,5502258,1300000167376902,2025-09-05T14:00:06,2025-09-23
NIFTY2590924650PE,,2025-09-05,NSE,FO,,buy,false,75.000000,30.800000,5538727,1300000168155106,2025-09-05T14:01:07,2025-09-09
NIFTY2590924600PE,,2025-09-05,NSE,FO,,sell,false,75.000000,22.750000,4617771,1200000156203742,2025-09-05T14:01:17,2025-09-09
NIFTY2590924800PE,,2025-09-05,NSE,FO,,buy,false,75.000000,79.500000,6496023,1600000167623320,2025-09-05T14:02:59,2025-09-09
NIFTY2591624800CE,,2025-09-05,NSE,FO,,buy,false,75.000000,167.700000,6545407,1600000168459243,2025-09-05T14:04:04,2025-09-16
BANKNIFTY25NOV54000CE,,2025-09-05,NSE,FO,,buy,false,35.000000,1650.000000,563902,1700000102083256,2025-09-05T14:07:38,2025-11-25
BANKNIFTY25NOV54000PE,,2025-09-05,NSE,FO,,buy,false,35.000000,750.000000,573144,1700000101803692,2025-09-05T14:12:26,2025-11-25
NIFTY2590924700PE,,2025-09-05,NSE,FO,,buy,false,75.000000,65.550000,7608487,1400000194136476,2025-09-05T14:40:05,2025-09-09
NIFTY2590924800PE,,2025-09-05,NSE,FO,,sell,false,75.000000,110.800000,7378257,1600000190894822,2025-09-05T14:40:33,2025-09-09
NIFTY2590924550CE,,2025-09-08,NSE,FO,,buy,false,75.000000,299.150000,985390,1100000024154011,2025-09-08T09:47:46,2025-09-09
NIFTY2590924700CE,,2025-09-08,NSE,FO,,sell,false,75.000000,164.400000,968039,1400000023728388,2025-09-08T09:47:49,2025-09-09
NIFTY2590924800PE,,2025-09-08,NSE,FO,,buy,false,75.000000,45.650000,1950528,1600000028695063,2025-09-08T09:49:57,2025-09-09
NIFTY2590924600PE,,2025-09-08,NSE,FO,,sell,false,75.000000,9.850000,738498,1200000025004077,2025-09-08T09:50:07,2025-09-09
NIFTY2590924700PE,,2025-09-08,NSE,FO,,sell,false,75.000000,20.850000,987645,1400000024824212,2025-09-08T09:50:19,2025-09-09
NIFTY2590925000CE,,2025-09-08,NSE,FO,,buy,false,75.000000,15.100000,949977,1300000030976740,2025-09-08T10:01:22,2025-09-09
NIFTY2590924800CE,,2025-09-08,NSE,FO,,sell,false,75.000000,83.050000,2358063,1600000036450023,2025-09-08T10:01:28,2025-09-09
BANKNIFTY25SEP52000PE,,2025-09-08,NSE,FO,,buy,false,35.000000,57.450000,155818,1700000025553665,2025-09-08T10:19:16,2025-09-30
BANKNIFTY25SEP52000PE,,2025-09-08,NSE,FO,,buy,false,35.000000,50.500000,370165,1700000084883864,2025-09-08T13:48:07,2025-09-30
BANKNIFTY25SEP53800PE,,2025-09-08,NSE,FO,,sell,false,35.000000,283.600000,318190,1900000075082331,2025-09-08T13:48:16,2025-09-30
NIFTY2591624800PE,,2025-09-08,NSE,FO,,sell,false,75.000000,94.550000,7816281,1600000150868978,2025-09-08T13:52:00,2025-09-16
NIFTY2591624600PE,,2025-09-08,NSE,FO,,buy,false,75.000000,43.500000,3000752,1200000131672480,2025-09-08T13:52:15,2025-09-16
NIFTY2590924850PE,,2025-09-09,NSE,FO,,buy,false,75.000000,43.000000,680497,1000000006663391,2025-09-09T09:20:55,2025-09-09
NIFTY2590924800PE,,2025-09-09,NSE,FO,,sell,false,75.000000,23.850000,541476,1600000006437839,2025-09-09T09:21:04,2025-09-09
NIFTY2591624900CE,,2025-09-09,NSE,FO,,buy,false,75.000000,139.500000,716865,1100000008405947,2025-09-09T09:22:33,2025-09-16
NIFTY2591624800CE,,2025-09-09,NSE,FO,,sell,false,75.000000,199.600000,690616,1600000008234452,2025-09-09T09:22:40,2025-09-16
BANKNIFTY25OCT52000PE,,2025-09-09,NSE,FO,,buy,false,35.000000,147.300000,30674,1700000003458902,2025-09-09T09:23:05,2025-10-28
BANKNIFTY25OCT53500PE,,2025-09-09,NSE,FO,,sell,false,35.000000,380.850000,25111,2000000003014129,2025-09-09T09:23:15,2025-10-28
BANKNIFTY25SEP52000PE,,2025-09-09,NSE,FO,,buy,false,35.000000,48.850000,34401,1700000003917909,2025-09-09T09:24:06,2025-09-30
BANKNIFTY25SEP53800PE,,2025-09-09,NSE,FO,,sell,false,35.000000,292.000000,29590,1900000003749958,2025-09-09T09:24:14,2025-09-30
NIFTY2590924700CE,,2025-09-09,NSE,FO,,buy,false,75.000000,156.750000,1957756,1400000075065125,2025-09-09T11:17:31,2025-09-09
NIFTY2590924850PE,,2025-09-09,NSE,FO,,sell,false,75.000000,39.550000,5973568,1000000096939783,2025-09-09T11:19:09,2025-09-09
NIFTY2590924900PE,,2025-09-09,NSE,FO,,buy,false,75.000000,71.550000,4381686,1100000089712774,2025-09-09T11:19:09,2025-09-09
NIFTY2590925000CE,,2025-09-09,NSE,FO,,sell,false,150.000000,5.050000,2000231,1300000074670222,2025-09-09T11:19:10,2025-09-09
NIFTY2591625000PE,,2025-09-10,NSE,FO,,buy,false,75.000000,109.450000,590944,1300000012130306,2025-09-10T09:30:04,2025-09-16
NIFTY2591624900PE,,2025-09-10,NSE,FO,,sell,false,75.000000,71.600000,385021,1100000010859605,2025-09-10T09:30:17,2025-09-16
NIFTY2591625100CE,,2025-09-10,NSE,FO,,buy,false,150.000000,75.300000,290779,1500000010647169,2025-09-10T09:30:52,2025-09-16
NIFTY2591625000CE,,2025-09-10,NSE,FO,,sell,false,150.000000,123.700000,646667,1300000013535702,2025-09-10T09:32:14,2025-09-16
NIFTY2591624500CE,,2025-09-10,NSE,FO,,buy,false,75.000000,525.950000,324167,1000000012545735,2025-09-10T09:32:49,2025-09-16
NIFTY2591625000CE,,2025-09-10,NSE,FO,,sell,false,75.000000,124.600000,680304,1300000014384213,2025-09-10T09:33:40,2025-09-16
NIFTY2592325100CE,,2025-09-10,NSE,FO,,buy,false,150.000000,148.100000,332486,1500000012607836,2025-09-10T09:34:56,2025-09-23
NIFTY2592324850CE,,2025-09-10,NSE,FO,,sell,false,150.000000,296.700000,354886,1000000013897999,2025-09-10T09:35:24,2025-09-23
NIFTY2591625100CE,,2025-09-10,NSE,FO,,buy,false,75.000000,78.500000,350378,1500000013210936,2025-09-10T09:35:57,2025-09-16
NIFTY2591624900CE,,2025-09-10,NSE,FO,,sell,false,75.000000,187.100000,467928,1100000013929625,2025-09-10T09:36:07,2025-09-16
NIFTY2591625150CE,,2025-09-10,NSE,FO,,buy,false,225.000000,71.400000,476221,1600000017885021,2025-09-10T09:45:17,2025-09-16
NIFTY2591625100CE,,2025-09-10,NSE,FO,,sell,false,225.000000,91.000000,495225,1500000017958128,2025-09-10T09:45:24,2025-09-16
BANKNIFTY25NOV54500CE,,2025-09-10,NSE,FO,,buy,false,35.000000,1625.000000,234958,1800000033203802,2025-09-10T10:51:18,2025-11-25
BANKNIFTY25NOV54000CE,,2025-09-10,NSE,FO,,sell,false,35.000000,1950.000000,293937,1700000036112406,2025-09-10T10:51:44,2025-11-25
BANKNIFTY25NOV54500CE,,2025-09-10,NSE,FO,,buy,false,35.000000,1625.000000,235844,1800000033448360,2025-09-10T10:52:23,2025-11-25
BANKNIFTY25NOV54000CE,,2025-09-10,NSE,FO,,sell,false,35.000000,1950.000000,295163,1700000036423718,2025-09-10T10:52:40,2025-11-25
NIFTY25NOV25200CE,,2025-09-10,NSE,FO,,buy,false,75.000000,550.000000,980924,1000000054075340,2025-09-10T10:55:07,2025-11-25
NIFTY25NOV25000CE,,2025-09-10,NSE,FO,,sell,false,75.000000,666.000000,2154530,1300000060509668,2025-09-10T10:55:49,2025-11-25
NIFTY25OCTFUT,,2025-09-10,NSE,FO,,buy,false,75.000000,25219.800000,1012107,1000000057802970,2025-09-10T11:02:16,2025-10-28
NIFTY25SEPFUT,,2025-09-10,NSE,FO,,sell,false,75.000000,25105.500000,1012344,1000000057841521,2025-09-10T11:02:21,2025-09-30
NIFTY25OCTFUT,,2025-09-10,NSE,FO,,buy,false,75.000000,25219.000000,1013035,1000000057958112,2025-09-10T11:02:36,2025-10-28
NIFTY25SEPFUT,,2025-09-10,NSE,FO,,sell,false,75.000000,25105.000000,1013200,1000000057992785,2025-09-10T11:02:40,2025-09-30
NIFTY25OCT24500PE,,2025-09-10,NSE,FO,,buy,false,75.000000,134.600000,1020201,1000000058928796,2025-09-10T11:04:43,2025-10-28
NIFTY25OCT25100PE,,2025-09-10,NSE,FO,,sell,false,75.000000,304.450000,1181384,1500000056644515,2025-09-10T11:04:48,2025-10-28
NIFTY25NOV25000PE,,2025-09-10,NSE,FO,,buy,false,75.000000,340.000000,3349466,1300000116830401,2025-09-10T12:51:26,2025-11-25
BANKNIFTY25SEP56500PE,,2025-09-10,NSE,FO,,buy,false,35.000000,1768.350000,337288,1800000070307264,2025-09-10T13:02:00,2025-09-30
BANKNIFTY25SEP55500PE,,2025-09-10,NSE,FO,,sell,false,35.000000,946.450000,262659,2000000062903612,2025-09-10T13:02:07,2025-09-30
BANKNIFTY25SEP54000PE,,2025-09-10,NSE,FO,,buy,false,35.000000,254.700000,431801,1700000076622654,2025-09-10T13:02:13,2025-09-30
BANKNIFTY25SEP55500PE,,2025-09-10,NSE,FO,,sell,false,35.000000,947.850000,262762,2000000062955095,2025-09-10T13:02:20,2025-09-30
NIFTY2592324950CE,,2025-09-10,NSE,FO,,buy,false,75.000000,214.050000,2149851,1200000120264241,2025-09-10T13:18:56,2025-09-23
NIFTY2592325050CE,,2025-09-10,NSE,FO,,sell,false,75.000000,160.300000,2019872,1400000123394068,2025-09-10T13:19:09,2025-09-23
NIFTY2591625150CE,,2025-09-10,NSE,FO,,sell,false,75.000000,49.050000,1559663,1600000113414149,2025-09-10T13:20:14,2025-09-16
NIFTY2591624800PE,,2025-09-10,NSE,FO,,buy,false,75.000000,46.300000,1560659,1600000113501639,2025-09-10T13:20:25,2025-09-16
NIFTY2591624750PE,,2025-09-10,NSE,FO,,sell,false,75.000000,36.250000,1887272,1500000115437855,2025-09-10T13:20:44,2025-09-16
NIFTY2592325100CE,,2025-09-11,NSE,FO,,buy,false,75.000000,148.000000,1899433,1500000140726289,2025-09-11T15:05:20,2025-09-23
NIFTY2592324950CE,,2025-09-11,NSE,FO,,sell,false,75.000000,235.800000,2154592,1200000146002074,2025-09-11T15:05:27,2025-09-23
NIFTY2591624900PE,,2025-09-11,NSE,FO,,buy,false,75.000000,40.850000,1818770,1100000141653015,2025-09-11T15:06:18,2025-09-16
NIFTY2591625050PE,,2025-09-11,NSE,FO,,sell,false,75.000000,92.200000,2126363,1400000149284100,2025-09-11T15:06:28,2025-09-16
NIFTY25SEP25050PE,,2025-09-12,NSE,FO,,buy,false,75.000000,158.050000,596391,1400000012937158,2025-09-12T09:33:55,2025-09-30
NIFTY2592325050CE,,2025-09-12,NSE,FO,,buy,false,75.000000,186.800000,658427,1400000014980432,2025-09-12T09:37:57,2025-09-23
NIFTY2592325050CE,,2025-09-12,NSE,FO,,sell,false,75.000000,186.650000,662144,1400000015114740,2025-09-12T09:38:13,2025-09-23
NIFTY2592325100CE,,2025-09-12,NSE,FO,,buy,false,75.000000,158.150000,732413,1500000015399010,2025-09-12T09:38:44,2025-09-23
NIFTY2592325200CE,,2025-09-12,NSE,FO,,sell,false,75.000000,110.200000,444384,1000000014741663,2025-09-12T09:39:10,2025-09-23
NIFTY25SEP25000PE,,2025-09-12,NSE,FO,,buy,false,75.000000,125.800000,1684468,1300000051224271,2025-09-12T11:03:30,2025-09-30
NIFTY25SEP25000PE,,2025-09-12,NSE,FO,,buy,false,75.000000,125.800000,1684469,1300000051224271,2025-09-12T11:03:30,2025-09-30
NIFTY25NOV24500PE,,2025-09-12,NSE,FO,,sell,false,75.000000,162.750000,1148464,1000000049606067,2025-09-12T11:04:48,2025-11-25
NIFTY2592325200CE,,2025-09-12,NSE,FO,,buy,false,75.000000,125.450000,1176514,1000000051207275,2025-09-12T11:07:51,2025-09-23
NIFTY2592325200CE,,2025-09-12,NSE,FO,,buy,false,150.000000,126.000000,1178156,1000000051290833,2025-09-12T11:08:03,2025-09-23
NIFTY2592325200CE,,2025-09-12,NSE,FO,,buy,false,75.000000,125.900000,1178155,1000000051290833,2025-09-12T11:08:03,2025-09-23
NIFTY2592325100CE,,2025-09-12,NSE,FO,,sell,false,300.000000,178.900000,2128890,1500000054172408,2025-09-12T11:08:17,2025-09-23
NIFTY2592325000CE,,2025-09-12,NSE,FO,,buy,false,75.000000,243.700000,1742926,1300000053575468,2025-09-12T11:09:08,2025-09-23
NIFTY2592325300CE,,2025-09-12,NSE,FO,,sell,false,75.000000,84.000000,1008913,1200000048564362,2025-09-12T11:09:12,2025-09-23
BANKNIFTY25OCT55500CE,,2025-09-12,NSE,FO,,buy,false,35.000000,680.000000,264590,2000000055002532,2025-09-12T12:48:01,2025-10-28
BANKNIFTY25OCT55000CE,,2025-09-12,NSE,FO,,sell,false,35.000000,941.750000,315141,1900000059848398,2025-09-12T12:48:08,2025-10-28
BANKNIFTY25OCT54000PE,,2025-09-12,NSE,FO,,buy,false,35.000000,342.750000,416007,1700000088671299,2025-09-12T14:15:59,2025-10-28
BANKNIFTY25NOV54500PE,,2025-09-12,NSE,FO,,sell,false,35.000000,600.000000,288870,1800000082321863,2025-09-12T14:16:56,2025-11-25
BANKNIFTY25OCT52000PE,,2025-09-12,NSE,FO,,sell,false,35.000000,81.500000,418389,1700000089148328,2025-09-12T14:17:34,2025-10-28
NIFTY2591625050PE,,2025-09-12,NSE,FO,,buy,false,75.000000,40.000000,3071664,1400000115356030,2025-09-12T14:17:48,2025-09-16
NIFTY25OCTFUT,,2025-09-12,NSE,FO,,buy,false,75.000000,25323.000000,2568313,1000000118233804,2025-09-12T14:20:24,2025-10-28
NIFTY25OCTFUT,,2025-09-12,NSE,FO,,sell,false,75.000000,25320.100000,2569048,1000000118302880,2025-09-12T14:20:39,2025-10-28
BANKNIFTY25OCT58000CE,,2025-09-12,NSE,FO,,sell,false,35.000000,80.000000,431433,1700000093398821,2025-09-12T14:33:39,2025-10-28
NIFTY2591624650CE,,2025-09-15,NSE,FO,,buy,false,75.000000,450.050000,3509783,1300000141484205,2025-09-15T15:13:53,2025-09-16
NIFTY2591625000PE,,2025-09-15,NSE,FO,,sell,false,75.000000,20.100000,3514662,1300000141641525,2025-09-15T15:14:21,2025-09-16
NIFTY2592325300CE,,2025-09-15,NSE,FO,,buy,false,75.000000,65.200000,2216144,1200000126607580,2025-09-15T15:14:58,2025-09-23
NIFTY2592325050CE,,2025-09-15,NSE,FO,,sell,false,75.000000,182.400000,4050335,1400000143652206,2025-09-15T15:15:04,2025-09-23
BANKNIFTY25OCT54500PE,,2025-09-15,NSE,FO,,sell,false,35.000000,427.850000,368702,1800000095160645,2025-09-15T15:16:20,2025-10-28
NIFTY2591625000CE,,2025-09-16,NSE,FO,,buy,false,75.000000,126.100000,464562,1300000007178386,2025-09-16T09:24:00,2025-09-16
NIFTY2591625150CE,,2025-09-16,NSE,FO,,sell,false,75.000000,24.600000,605532,1600000008058632,2025-09-16T09:24:08,2025-09-16
NIFTY2591625150CE,,2025-09-16,NSE,FO,,sell,false,75.000000,24.600000,605531,1600000008058632,2025-09-16T09:24:08,2025-09-16
BANKNIFTY25SEP55500PE,,2025-09-16,NSE,FO,,buy,false,35.000000,661.500000,38114,2000000004795874,2025-09-16T09:29:56,2025-09-30
BANKNIFTY25SEP55500PE,,2025-09-16,NSE,FO,,buy,false,70.000000,661.500000,38113,2000000004795874,2025-09-16T09:29:56,2025-09-30
BANKNIFTY25SEP55000PE,,2025-09-16,NSE,FO,,sell,false,35.000000,392.550000,44423,1900000005199607,2025-09-16T09:30:09,2025-09-30
BANKNIFTY25SEP55000PE,,2025-09-16,NSE,FO,,sell,false,35.000000,392.750000,44422,1900000005199607,2025-09-16T09:30:09,2025-09-30
BANKNIFTY25SEP55000CE,,2025-09-16,NSE,FO,,buy,false,35.000000,593.850000,165073,1900000018708468,2025-09-16T10:14:30,2025-09-30
BANKNIFTY25SEP56000CE,,2025-09-16,NSE,FO,,sell,false,35.000000,159.800000,167315,1700000020087117,2025-09-16T10:14:44,2025-09-30
NIFTY25OCT25200CE,,2025-09-16,NSE,FO,,buy,false,75.000000,434.600000,2489221,1000000039268674,2025-09-16T10:17:48,2025-10-28
NIFTY25OCT25500CE,,2025-09-16,NSE,FO,,sell,false,75.000000,271.200000,3113149,1600000041945036,2025-09-16T10:17:51,2025-10-28
BANKNIFTY25NOV54500PE,,2025-09-16,NSE,FO,,buy,false,35.000000,515.000000,163342,1800000025611779,2025-09-16T10:38:30,2025-11-25
BANKNIFTY25NOV55000PE,,2025-09-16,NSE,FO,,sell,false,35.000000,670.050000,197949,1900000025248067,2025-09-16T10:39:03,2025-11-25
BANKNIFTY25NOV55500CE,,2025-09-16,NSE,FO,,buy,false,35.000000,1200.000000,154789,2000000024129957,2025-09-16T10:40:12,2025-11-25
BANKNIFTY25NOV54500CE,,2025-09-16,NSE,FO,,sell,false,35.000000,1830.000000,165430,1800000026227077,2025-09-16T10:40:31,2025-11-25
BANKNIFTY25NOV55500CE,,2025-09-16,NSE,FO,,buy,false,35.000000,1200.000000,155312,2000000024278930,2025-09-16T10:40:51,2025-11-25
BANKNIFTY25NOV54500CE,,2025-09-16,NSE,FO,,sell,false,35.000000,1830.000000,165808,1800000026366776,2025-09-16T10:41:04,2025-11-25
BANKNIFTY25SEP55000CE,,2025-09-16,NSE,FO,,buy,false,35.000000,599.300000,201167,1900000026068779,2025-09-16T10:41:52,2025-09-30
BANKNIFTY25SEP55000CE,,2025-09-16,NSE,FO,,buy,false,35.000000,599.300000,201166,1900000026068779,2025-09-16T10:41:52,2025-09-30
BANKNIFTY25SEP54600CE,,2025-09-16,NSE,FO,,sell,false,35.000000,875.050000,201264,1900000026097953,2025-09-16T10:41:59,2025-09-30
BANKNIFTY25SEP56000CE,,2025-09-16,NSE,FO,,sell,false,35.000000,159.000000,205810,1700000028253944,2025-09-16T10:42:07,2025-09-30
NIFTY2592325250CE,,2025-09-16,NSE,FO,,buy,false,225.000000,118.950000,1776981,1100000045065886,2025-09-16T10:42:53,2025-09-23
NIFTY2592325200CE,,2025-09-16,NSE,FO,,sell,false,75.000000,145.400000,3034289,1000000050549083,2025-09-16T10:43:00,2025-09-23
NIFTY2592325200CE,,2025-09-16,NSE,FO,,sell,false,150.000000,145.450000,3034288,1000000050549083,2025-09-16T10:43:00,2025-09-23
NIFTY2592325250CE,,2025-09-16,NSE,FO,,buy,false,75.000000,118.150000,1782216,1100000045262777,2025-09-16T10:43:24,2025-09-23
NIFTY2592325350CE,,2025-09-16,NSE,FO,,sell,false,75.000000,76.000000,1748633,1300000044467873,2025-09-16T10:43:28,2025-09-23
BANKNIFTY25OCT54900PE,,2025-09-16,NSE,FO,,buy,false,35.000000,494.450000,293595,1800000067593956,2025-09-16T13:22:34,2025-10-28
BANKNIFTY25OCT55100CE,,2025-09-16,NSE,FO,,buy,false,35.000000,1020.950000,288079,2000000062919128,2025-09-16T13:23:04,2025-10-28
NIFTY2592325400CE,,2025-09-17,NSE,FO,,buy,false,75.000000,84.050000,158493,1400000004023592,2025-09-17T09:20:30,2025-09-23
NIFTY2592325400CE,,2025-09-17,NSE,FO,,buy,false,150.000000,84.050000,158495,1400000004023592,2025-09-17T09:20:30,2025-09-23
NIFTY2592325400CE,,2025-09-17,NSE,FO,,buy,false,75.000000,84.050000,158494,1400000004023592,2025-09-17T09:20:30,2025-09-23
NIFTY2592325250CE,,2025-09-17,NSE,FO,,sell,false,75.000000,166.500000,169306,1100000004195865,2025-09-17T09:20:38,2025-09-23
NIFTY2592325250CE,,2025-09-17,NSE,FO,,sell,false,75.000000,166.500000,169309,1100000004195865,2025-09-17T09:20:38,2025-09-23
NIFTY2592325250CE,,2025-09-17,NSE,FO,,sell,false,75.000000,166.500000,169308,1100000004195865,2025-09-17T09:20:38,2025-09-23
NIFTY2592325250CE,,2025-09-17,NSE,FO,,sell,false,75.000000,166.500000,169307,1100000004195865,2025-09-17T09:20:38,2025-09-23
NIFTY25OCT24900PE,,2025-09-17,NSE,FO,,buy,false,75.000000,126.700000,186012,1100000004756040,2025-09-17T09:21:23,2025-10-28
NIFTY25OCT25300PE,,2025-09-17,NSE,FO,,sell,false,75.000000,235.100000,281880,1200000005367483,2025-09-17T09:21:31,2025-10-28
NIFTY25OCT25100PE,,2025-09-17,NSE,FO,,buy,false,75.000000,173.850000,149935,1500000004809279,2025-09-17T09:21:55,2025-10-28
NIFTY25OCT25300PE,,2025-09-17,NSE,FO,,sell,false,75.000000,237.300000,295025,1200000005713348,2025-09-17T09:21:59,2025-10-28
NIFTY25SEP25300CE,,2025-09-17,NSE,FO,,buy,false,75.000000,215.150000,422789,1200000008997819,2025-09-17T09:26:27,2025-09-30
NIFTY25SEP25500CE,,2025-09-17,NSE,FO,,sell,false,75.000000,114.150000,238360,1600000008046335,2025-09-17T09:26:32,2025-09-30
BANKNIFTY25SEP55200CE,,2025-09-17,NSE,FO,,buy,false,70.000000,528.000000,85374,1700000005794642,2025-09-17T09:28:08,2025-09-30
BANKNIFTY25SEP55000CE,,2025-09-17,NSE,FO,,sell,false,35.000000,663.350000,66101,1900000005566131,2025-09-17T09:28:19,2025-09-30
BANKNIFTY25SEP55000CE,,2025-09-17,NSE,FO,,sell,false,35.000000,663.300000,66102,1900000005566131,2025-09-17T09:28:19,2025-09-30
BANKNIFTY25SEP55200CE,,2025-09-17,NSE,FO,,buy,false,35.000000,534.400000,86844,1700000005943118,2025-09-17T09:28:28,2025-09-30
BANKNIFTY25SEP55200CE,,2025-09-17,NSE,FO,,buy,false,35.000000,540.050000,89133,1700000006198606,2025-09-17T09:29:06,2025-09-30
BANKNIFTY25SEP55000CE,,2025-09-17,NSE,FO,,sell,false,35.000000,675.000000,71692,1900000006370774,2025-09-17T09:30:21,2025-09-30
BANKNIFTY25SEP55200PE,,2025-09-17,NSE,FO,,buy,false,35.000000,304.900000,99624,1700000007278115,2025-09-17T09:31:46,2025-09-30
BANKNIFTY25SEP56000CE,,2025-09-17,NSE,FO,,sell,false,35.000000,182.300000,100963,1700000007444887,2025-09-17T09:32:11,2025-09-30
BANKNIFTY25OCT54500PE,,2025-09-17,NSE,FO,,buy,false,35.000000,290.950000,118463,1800000012899488,2025-09-17T09:48:01,2025-10-28
BANKNIFTY25OCT55500PE,,2025-09-17,NSE,FO,,sell,false,35.000000,578.900000,121560,2000000011894459,2025-09-17T09:48:04,2025-10-28
BANKNIFTY25SEP55400CE,,2025-09-17,NSE,FO,,buy,false,70.000000,499.000000,536936,1900000086750682,2025-09-17T14:32:23,2025-09-30
BANKNIFTY25SEP55200CE,,2025-09-17,NSE,FO,,sell,false,35.000000,627.650000,543536,1700000089565468,2025-09-17T14:32:42,2025-09-30
BANKNIFTY25SEP55200CE,,2025-09-17,NSE,FO,,sell,false,35.000000,627.650000,543535,1700000089565468,2025-09-17T14:32:42,2025-09-30
BANKNIFTY25SEP55400CE,,2025-09-17,NSE,FO,,buy,false,35.000000,501.800000,537655,1900000086898337,2025-09-17T14:32:51,2025-09-30
BANKNIFTY25SEP55400CE,,2025-09-17,NSE,FO,,buy,false,35.000000,501.800000,537654,1900000086898337,2025-09-17T14:32:51,2025-09-30
BANKNIFTY25SEP55200CE,,2025-09-17,NSE,FO,,sell,false,35.000000,631.000000,543762,1700000089635927,2025-09-17T14:32:57,2025-09-30
BANKNIFTY25SEP55200CE,,2025-09-17,NSE,FO,,sell,false,35.000000,631.000000,543761,1700000089635927,2025-09-17T14:32:57,2025-09-30
NIFTY2592325500CE,,2025-09-18,NSE,FO,,buy,false,375.000000,67.600000,335951,1600000004438871,2025-09-18T09:22:41,2025-09-23
NIFTY2592325400CE,,2025-09-18,NSE,FO,,sell,false,75.000000,120.250000,401234,1400000004505240,2025-09-18T09:22:53,2025-09-23
NIFTY2592325400CE,,2025-09-18,NSE,FO,,sell,false,225.000000,120.250000,401233,1400000004505240,2025-09-18T09:22:53,2025-09-23
NIFTY2592325400PE,,2025-09-18,NSE,FO,,buy,false,75.000000,65.150000,406614,1400000004592979,2025-09-18T09:23:06,2025-09-23
NIFTY25OCT25600CE,,2025-09-18,NSE,FO,,buy,false,75.000000,322.450000,264595,1100000004406348,2025-09-18T09:24:02,2025-10-28
NIFTY25OCT25200CE,,2025-09-18,NSE,FO,,sell,false,75.000000,580.000000,278606,1000000004839187,2025-09-18T09:24:08,2025-10-28
NIFTY25SEP25400CE,,2025-09-18,NSE,FO,,buy,false,150.000000,219.250000,502517,1400000005976404,2025-09-18T09:26:25,2025-09-30
NIFTY25SEP25800CE,,2025-09-18,NSE,FO,,sell,false,75.000000,48.050000,418279,1500000006108443,2025-09-18T09:26:50,2025-09-30
NIFTY25NOV25600CE,,2025-09-18,NSE,FO,,buy,false,75.000000,511.000000,335960,1100000006146847,2025-09-18T09:29:01,2025-11-25
NIFTY25NOV25200CE,,2025-09-18,NSE,FO,,sell,false,75.000000,770.750000,357638,1000000006925975,2025-09-18T09:29:17,2025-11-25
BANKNIFTY25OCT56100CE,,2025-09-18,NSE,FO,,buy,false,105.000000,739.400000,111981,1800000005749661,2025-09-18T09:31:47,2025-10-28
BANKNIFTY25OCT55100CE,,2025-09-18,NSE,FO,,sell,false,35.000000,1375.900000,93271,2000000005291785,2025-09-18T09:32:02,2025-10-28
BANKNIFTY25OCT55500CE,,2025-09-18,NSE,FO,,sell,false,35.000000,1106.050000,93269,2000000005291771,2025-09-18T09:32:02,2025-10-28
BANKNIFTY25OCT56000CE,,2025-09-18,NSE,FO,,sell,false,35.000000,786.950000,133031,1700000006145612,2025-09-18T09:32:02,2025-10-28
BANKNIFTY25SEP55800CE,,2025-09-18,NSE,FO,,buy,false,105.000000,423.550000,119452,1900000005771134,2025-09-18T09:33:27,2025-09-30
BANKNIFTY25SEP55800CE,,2025-09-18,NSE,FO,,buy,false,35.000000,423.500000,119451,1900000005771134,2025-09-18T09:33:27,2025-09-30
BANKNIFTY25SEP55400CE,,2025-09-18,NSE,FO,,sell,false,105.000000,681.200000,119728,1900000005791245,2025-09-18T09:33:35,2025-09-30
BANKNIFTY25SEP55400CE,,2025-09-18,NSE,FO,,sell,false,35.000000,681.200000,119727,1900000005791245,2025-09-18T09:33:35,2025-09-30
BANKNIFTY25OCTFUT,,2025-09-18,NSE,FO,,buy,false,35.000000,56179.600000,117706,1800000006149102,2025-09-18T09:34:16,2025-10-28
BANKNIFTY25SEPFUT,,2025-09-18,NSE,FO,,sell,false,35.000000,55875.000000,118215,1800000006180808,2025-09-18T09:34:27,2025-09-30
BANKNIFTY25OCTFUT,,2025-09-18,NSE,FO,,buy,false,35.000000,56179.600000,118572,1800000006212028,2025-09-18T09:34:38,2025-10-28
BANKNIFTY25SEPFUT,,2025-09-18,NSE,FO,,sell,false,35.000000,55873.800000,118890,1800000006241529,2025-09-18T09:34:48,2025-09-30
BANKNIFTY25NOV56000CE,,2025-09-18,NSE,FO,,buy,false,70.000000,1210.000000,150084,1700000006824448,2025-09-18T09:37:41,2025-11-25
BANKNIFTY25NOV55500CE,,2025-09-18,NSE,FO,,sell,false,35.000000,1520.000000,103851,2000000006109436,2025-09-18T09:38:27,2025-11-25
BANKNIFTY25NOV55500CE,,2025-09-18,NSE,FO,,sell,false,35.000000,1500.000000,104945,2000000006109436,2025-09-18T09:39:08,2025-11-25
NIFTY25OCT25400PE,,2025-09-18,NSE,FO,,buy,false,75.000000,223.000000,781369,1400000010737963,2025-09-18T09:41:41,2025-10-28
NIFTY25SEP25000PE,,2025-09-18,NSE,FO,,buy,false,75.000000,32.100000,522992,1300000010159149,2025-09-18T09:42:31,2025-09-30
NIFTY25OCT25200PE,,2025-09-18,NSE,FO,,sell,false,75.000000,160.000000,490766,1000000010656808,2025-09-18T09:42:38,2025-10-28
NIFTY25SEP24200PE,,2025-09-18,NSE,FO,,sell,false,75.000000,7.300000,467982,1100000010095144,2025-09-18T09:43:53,2025-09-30
NIFTY25SEP24000PE,,2025-09-18,NSE,FO,,sell,false,150.000000,6.100000,813598,1400000011320453,2025-09-18T09:44:18,2025-09-30
NIFTY25SEP25600CE,,2025-09-18,NSE,FO,,buy,false,75.000000,108.750000,661474,1100000017334541,2025-09-18T10:29:37,2025-09-30
NIFTY25SEP25600CE,,2025-09-18,NSE,FO,,buy,false,75.000000,108.700000,661473,1100000017334541,2025-09-18T10:29:37,2025-09-30
NIFTY25SEP25300CE,,2025-09-18,NSE,FO,,sell,false,75.000000,285.450000,786800,1200000018602759,2025-09-18T10:29:43,2025-09-30
NIFTY25SEP26000CE,,2025-09-18,NSE,FO,,sell,false,75.000000,18.950000,787124,1200000018615933,2025-09-18T10:29:50,2025-09-30
NIFTY25SEP26000CE,,2025-09-18,NSE,FO,,sell,false,150.000000,18.950000,787125,1200000018615933,2025-09-18T10:29:50,2025-09-30
NIFTY25SEP25800CE,,2025-09-18,NSE,FO,,buy,false,75.000000,45.800000,1042729,1500000019591432,2025-09-18T10:30:44,2025-09-30
NIFTY2592325400CE,,2025-09-18,NSE,FO,,buy,false,75.000000,89.550000,2860545,1400000042706658,2025-09-18T13:16:32,2025-09-23
NIFTY2592325550CE,,2025-09-18,NSE,FO,,sell,false,75.000000,32.350000,1491381,1000000040690550,2025-09-18T13:16:35,2025-09-23
NIFTY2592325400PE,,2025-09-18,NSE,FO,,sell,false,75.000000,76.950000,2963415,1400000044214126,2025-09-18T13:27:09,2025-09-23
NIFTY2592325700CE,,2025-09-18,NSE,FO,,buy,false,150.000000,9.500000,2184554,1300000047392376,2025-09-18T14:26:41,2025-09-23
NIFTY2592325500CE,,2025-09-18,NSE,FO,,sell,false,75.000000,45.500000,2653597,1600000052411580,2025-09-18T14:27:09,2025-09-23
NIFTY2592325500CE,,2025-09-18,NSE,FO,,sell,false,75.000000,45.500000,2653596,1600000052411580,2025-09-18T14:27:09,2025-09-23
NIFTY2592325400CE,,2025-09-18,NSE,FO,,buy,false,75.000000,89.050000,3570108,1400000052446553,2025-09-18T14:27:49,2025-09-23
NIFTY2592325700CE,,2025-09-18,NSE,FO,,buy,false,75.000000,9.500000,2195423,1300000047573203,2025-09-18T14:28:06,2025-09-23
NIFTY2592325500CE,,2025-09-18,NSE,FO,,sell,false,150.000000,46.000000,2660339,1600000052529457,2025-09-18T14:28:11,2025-09-23
NIFTY2592325500CE,,2025-09-18,NSE,FO,,sell,false,75.000000,46.000000,2660340,1600000052529457,2025-09-18T14:28:11,2025-09-23
NIFTY2592325450CE,,2025-09-18,NSE,FO,,buy,false,75.000000,90.650000,3302700,1500000059909834,2025-09-18T15:13:58,2025-09-23
NIFTY2592325450CE,,2025-09-18,NSE,FO,,buy,false,75.000000,90.650000,3302699,1500000059909834,2025-09-18T15:13:58,2025-09-23
NIFTY2592325400CE,,2025-09-18,NSE,FO,,sell,false,150.000000,122.100000,4419966,1400000060734841,2025-09-18T15:14:05,2025-09-23
NIFTY2592325450CE,,2025-09-18,NSE,FO,,buy,false,75.000000,90.950000,3308205,1500000059943628,2025-09-18T15:14:10,2025-09-23
NIFTY2592325400PE,,2025-09-18,NSE,FO,,buy,false,75.000000,50.800000,4426775,1400000060789875,2025-09-18T15:14:26,2025-09-23
BANKNIFTY25SEP55000PE,,2025-09-18,NSE,FO,,buy,false,35.000000,111.700000,764561,1900000041841488,2025-09-18T15:24:22,2025-09-30
BANKNIFTY25SEP55000PE,,2025-09-18,NSE,FO,,buy,false,35.000000,111.700000,764562,1900000041841488,2025-09-18T15:24:22,2025-09-30
BANKNIFTY25SEP55500PE,,2025-09-18,NSE,FO,,sell,false,35.000000,211.700000,607978,2000000038342170,2025-09-18T15:24:33,2025-09-30
BANKNIFTY25SEP55700PE,,2025-09-18,NSE,FO,,buy,false,35.000000,278.100000,694518,1800000046672936,2025-09-18T15:24:48,2025-09-30
BANKNIFTY25SEP55800CE,,2025-09-18,NSE,FO,,buy,false,35.000000,406.550000,766764,1900000041900957,2025-09-18T15:25:03,2025-09-30
BANKNIFTY25SEP55500PE,,2025-09-18,NSE,FO,,sell,false,35.000000,212.450000,610622,2000000038407415,2025-09-18T15:25:20,2025-09-30
NIFTY2592324800CE,,2025-09-19,NSE,FO,,buy,false,75.000000,586.600000,423737,1600000003460702,2025-09-19T09:23:28,2025-09-23
NIFTY2592325050CE,,2025-09-19,NSE,FO,,buy,false,75.000000,341.950000,720844,1400000004311113,2025-09-19T09:23:28,2025-09-23
NIFTY2592325050CE,,2025-09-19,NSE,FO,,buy,false,75.000000,341.950000,720843,1400000004311113,2025-09-19T09:23:28,2025-09-23
NIFTY2592325350CE,,2025-09-19,NSE,FO,,buy,false,75.000000,92.150000,478403,1300000003795127,2025-09-19T09:23:28,2025-09-23
NIFTY2592325400PE,,2025-09-19,NSE,FO,,sell,false,75.000000,82.250000,720842,1400000004311112,2025-09-19T09:23:28,2025-09-23
NIFTY2592325450CE,,2025-09-19,NSE,FO,,sell,false,225.000000,44.150000,467654,1500000003607309,2025-09-19T09:23:28,2025-09-23
NIFTY2592325550CE,,2025-09-19,NSE,FO,,buy,false,75.000000,19.050000,345249,1000000003365150,2025-09-19T09:23:28,2025-09-23
NIFTY2592325700CE,,2025-09-19,NSE,FO,,sell,false,150.000000,5.650000,478397,1300000003795100,2025-09-19T09:23:28,2025-09-23
NIFTY2592325700CE,,2025-09-19,NSE,FO,,sell,false,75.000000,5.650000,478396,1300000003795100,2025-09-19T09:23:28,2025-09-23
BANKNIFTY25NOV57000CE,,2025-09-19,NSE,FO,,sell,false,35.000000,645.000000,55120,1900000001811239,2025-09-19T09:24:46,2025-11-25
BANKNIFTY25SEP56000CE,,2025-09-19,NSE,FO,,sell,false,35.000000,236.250000,79705,1700000002177565,2025-09-19T09:25:30,2025-09-30
BANKNIFTY25OCT55500CE,,2025-09-19,NSE,FO,,buy,false,35.000000,1031.850000,52921,2000000001904818,2025-09-19T09:26:52,2025-10-28
BANKNIFTY25OCT56000CE,,2025-09-19,NSE,FO,,sell,false,35.000000,727.600000,88210,1700000002521662,2025-09-19T09:26:56,2025-10-28
NIFTY25OCT26000CE,,2025-09-19,NSE,FO,,sell,false,75.000000,125.500000,770765,1200000007128166,2025-09-19T09:34:33,2025-10-28
BANKNIFTY25OCT55500CE,,2025-09-19,NSE,FO,,sell,false,35.000000,933.300000,343427,2000000017673254,2025-09-19T11:15:41,2025-10-28
BANKNIFTY25SEP56000CE,,2025-09-19,NSE,FO,,buy,false,35.000000,191.150000,448997,1700000023202133,2025-09-19T11:17:29,2025-09-30
BANKNIFTY25SEP56000CE,,2025-09-19,NSE,FO,,buy,false,35.000000,190.950000,448996,1700000023202133,2025-09-19T11:17:29,2025-09-30
BANKNIFTY25OCT55500CE,,2025-09-19,NSE,FO,,sell,false,35.000000,938.350000,347919,2000000017971725,2025-09-19T11:18:15,2025-10-28
BANKNIFTY25SEP55500CE,,2025-09-19,NSE,FO,,sell,false,35.000000,415.400000,348836,2000000018032372,2025-09-19T11:18:39,2025-09-30
BANKNIFTY25SEP57500CE,,2025-09-19,NSE,FO,,buy,false,35.000000,17.450000,349246,2000000018068703,2025-09-19T11:18:59,2025-09-30
BANKNIFTY25SEP55800CE,,2025-09-19,NSE,FO,,sell,false,35.000000,263.950000,334215,1900000020755896,2025-09-19T11:19:22,2025-09-30
BANKNIFTY25OCT59000CE,,2025-09-19,NSE,FO,,buy,false,35.000000,46.400000,334711,1900000020830173,2025-09-19T11:19:59,2025-10-28
BANKNIFTY25SEP56000CE,,2025-09-19,NSE,FO,,buy,false,70.000000,194.700000,470718,1700000024911368,2025-09-19T11:29:02,2025-09-30
BANKNIFTY25SEP55500CE,,2025-09-19,NSE,FO,,sell,false,35.000000,419.500000,366249,2000000019229531,2025-09-19T11:29:11,2025-09-30
BANKNIFTY25SEP55200PE,,2025-09-19,NSE,FO,,buy,false,35.000000,209.950000,471083,1700000024956621,2025-09-19T11:29:21,2025-09-30
BANKNIFTY25SEP55700PE,,2025-09-19,NSE,FO,,sell,false,35.000000,410.950000,317174,1800000022979665,2025-09-19T11:29:27,2025-09-30
BANKNIFTY25SEP57500CE,,2025-09-19,NSE,FO,,buy,false,35.000000,17.100000,366826,2000000019291495,2025-09-19T11:29:45,2025-09-30
BANKNIFTY25SEP55800CE,,2025-09-19,NSE,FO,,sell,false,35.000000,266.100000,351262,1900000022061863,2025-09-19T11:29:55,2025-09-30
NIFTY25SEP24500CE,,2025-09-22,NSE,FO,,buy,false,75.000000,895.900000,1674613,1000000045061798,2025-09-22T10:33:07,2025-09-30
NIFTY25SEP25300CE,,2025-09-22,NSE,FO,,sell,false,75.000000,184.950000,2869870,1200000052229073,2025-09-22T10:33:38,2025-09-30
BANKNIFTY25SEP54000CE,,2025-09-22,NSE,FO,,buy,false,35.000000,1827.150000,338141,1700000036329682,2025-09-22T10:44:36,2025-09-30
BANKNIFTY25SEP54500CE,,2025-09-22,NSE,FO,,sell,false,35.000000,1341.800000,223476,1800000035115869,2025-09-22T10:44:46,2025-09-30
BANKNIFTY25OCT55500PE,,2025-09-22,NSE,FO,,sell,false,35.000000,476.400000,293641,2000000039089768,2025-09-22T11:14:24,2025-10-28
BANKNIFTY25OCT54900PE,,2025-09-22,NSE,FO,,buy,false,35.000000,317.150000,258313,1800000044899821,2025-09-22T11:19:19,2025-10-28
BANKNIFTY25SEP55500CE,,2025-09-22,NSE,FO,,buy,false,35.000000,326.350000,656646,2000000103366927,2025-09-22T14:58:32,2025-09-30
BANKNIFTY25SEP55500CE,,2025-09-22,NSE,FO,,buy,false,35.000000,326.350000,656645,2000000103366927,2025-09-22T14:58:32,2025-09-30
BANKNIFTY25SEP54500CE,,2025-09-22,NSE,FO,,sell,false,35.000000,1057.000000,548816,1800000113789824,2025-09-22T14:58:43,2025-09-30
NIFTY25SEP25300CE,,2025-09-22,NSE,FO,,buy,false,75.000000,127.650000,8525982,1200000180537515,2025-09-22T15:00:06,2025-09-30
NIFTY25SEP25500CE,,2025-09-22,NSE,FO,,buy,false,75.000000,54.100000,3552694,1600000148900556,2025-09-22T15:00:12,2025-09-30
NIFTY25SEP25200CE,,2025-09-22,NSE,FO,,sell,false,75.000000,185.650000,5103932,1000000161404566,2025-09-22T15:00:16,2025-09-30
NIFTY25SEP25400CE,,2025-09-22,NSE,FO,,sell,false,75.000000,83.300000,4464228,1400000154681991,2025-09-22T15:00:39,2025-09-30
BANKNIFTY25SEP55800CE,,2025-09-22,NSE,FO,,sell,false,35.000000,193.700000,674598,1900000111448331,2025-09-22T15:01:05,2025-09-30
BANKNIFTY25SEP55800CE,,2025-09-22,NSE,FO,,sell,false,35.000000,193.700000,674597,1900000111448331,2025-09-22T15:01:05,2025-09-30
NIFTY25OCT25100PE,,2025-09-22,NSE,FO,,buy,false,75.000000,194.100000,3359528,1500000150941877,2025-09-22T15:11:06,2025-10-28
NIFTY25OCT25400PE,,2025-09-22,NSE,FO,,sell,false,75.000000,308.200000,4645896,1400000160711432,2025-09-22T15:11:14,2025-10-28
BANKNIFTY25OCT55300CE,,2025-09-23,NSE,FO,,buy,false,35.000000,986.100000,26691,1800000001956539,2025-09-23T09:18:41,2025-10-28
BANKNIFTY25OCT56000CE,,2025-09-23,NSE,FO,,sell,false,35.000000,592.200000,33155,1700000002025981,2025-09-23T09:18:54,2025-10-28
NIFTY25SEP25200PE,,2025-09-23,NSE,FO,,sell,false,75.000000,93.550000,600755,1000000006663051,2025-09-23T09:20:19,2025-09-30
BANKNIFTY25OCT56000CE,,2025-09-23,NSE,FO,,buy,false,35.000000,556.950000,130669,1700000010680759,2025-09-23T09:36:19,2025-10-28
BANKNIFTY25OCT56000CE,,2025-09-23,NSE,FO,,buy,false,35.000000,556.350000,130668,1700000010680759,2025-09-23T09:36:19,2025-10-28
BANKNIFTY25OCT55000CE,,2025-09-23,NSE,FO,,sell,false,35.000000,1121.850000,107001,1900000010134248,2025-09-23T09:36:23,2025-10-28
BANKNIFTY25OCT56100CE,,2025-09-23,NSE,FO,,sell,false,35.000000,514.250000,103948,1800000010622900,2025-09-23T09:36:42,2025-10-28
BANKNIFTY25SEP54000CE,,2025-09-23,NSE,FO,,buy,false,70.000000,1404.200000,138293,1700000011396008,2025-09-23T09:37:59,2025-09-30
BANKNIFTY25SEP54500CE,,2025-09-23,NSE,FO,,sell,false,35.000000,955.600000,108024,1800000011213001,2025-09-23T09:38:05,2025-09-30
BANKNIFTY25SEP55800CE,,2025-09-23,NSE,FO,,sell,false,35.000000,157.850000,113647,1900000010919055,2025-09-23T09:38:17,2025-09-30
NIFTY25OCT26000CE,,2025-09-23,NSE,FO,,buy,false,75.000000,80.950000,1901585,1200000033613767,2025-09-23T09:53:06,2025-10-28
NIFTY25OCT25500CE,,2025-09-23,NSE,FO,,buy,false,75.000000,227.100000,2464484,1600000036907575,2025-09-23T09:53:15,2025-10-28
NIFTY25OCT25100CE,,2025-09-23,NSE,FO,,sell,false,75.000000,440.150000,1908982,1500000032836125,2025-09-23T09:53:19,2025-10-28
NIFTY25OCT25600CE,,2025-09-23,NSE,FO,,sell,false,75.000000,184.750000,2471400,1100000036452135,2025-09-23T09:53:27,2025-10-28
NIFTY25SEP24500CE,,2025-09-23,NSE,FO,,buy,false,75.000000,682.750000,5940249,1000000099607552,2025-09-23T11:22:52,2025-09-30
NIFTY25SEP25000CE,,2025-09-23,NSE,FO,,sell,false,75.000000,238.850000,2705305,1300000082928004,2025-09-23T11:22:56,2025-09-30
BANKNIFTY25OCT55600CE,,2025-09-23,NSE,FO,,buy,false,35.000000,960.450000,919676,1700000122397527,2025-09-23T14:32:57,2025-10-28
BANKNIFTY25OCT55300CE,,2025-09-23,NSE,FO,,sell,false,35.000000,1155.100000,634516,1800000119116735,2025-09-23T14:33:06,2025-10-28
NIFTY25NOV25600CE,,2025-09-23,NSE,FO,,buy,false,75.000000,410.000000,12980297,1100000239301952,2025-09-23T14:43:26,2025-11-25
BANKNIFTY25SEP55500CE,,2025-09-23,NSE,FO,,buy,false,35.000000,456.250000,667497,2000000112698403,2025-09-23T14:44:40,2025-09-30
NIFTY25SEP25200CE,,2025-09-24,NSE,FO,,buy,false,75.000000,87.550000,322811,1000000007453033,2025-09-24T09:24:11,2025-09-30
NIFTY25SEP25000CE,,2025-09-24,NSE,FO,,sell,false,75.000000,198.800000,270361,1300000006662512,2025-09-24T09:24:18,2025-09-30
NIFTY25SEP25100CE,,2025-09-24,NSE,FO,,buy,false,75.000000,133.800000,443868,1500000007960569,2025-09-24T09:25:03,2025-09-30
BANKNIFTY25OCT56100CE,,2025-09-24,NSE,FO,,sell,false,35.000000,546.550000,148049,1800000012330824,2025-09-24T09:33:45,2025-10-28
BANKNIFTY25SEP54500CE,,2025-09-24,NSE,FO,,buy,false,35.000000,998.650000,168447,1800000014458350,2025-09-24T09:37:36,2025-09-30
BANKNIFTY25SEP54500CE,,2025-09-24,NSE,FO,,buy,false,35.000000,998.650000,168448,1800000014458350,2025-09-24T09:37:36,2025-09-30
BANKNIFTY25SEP54500CE,,2025-09-24,NSE,FO,,buy,false,35.000000,998.650000,168446,1800000014458350,2025-09-24T09:37:36,2025-09-30
BANKNIFTY25SEP55000CE,,2025-09-24,NSE,FO,,sell,false,35.000000,576.700000,214111,1900000013824541,2025-09-24T09:37:58,2025-09-30
BANKNIFTY25SEP55000CE,,2025-09-24,NSE,FO,,sell,false,35.000000,576.700000,214112,1900000013824541,2025-09-24T09:37:58,2025-09-30
BANKNIFTY25SEP55000CE,,2025-09-24,NSE,FO,,sell,false,35.000000,576.600000,214113,1900000013824541,2025-09-24T09:37:58,2025-09-30
NIFTY25SEP24500CE,,2025-09-24,NSE,FO,,buy,false,75.000000,634.600000,696874,1000000026275313,2025-09-24T09:50:53,2025-09-30
NIFTY25OCT25100CE,,2025-09-24,NSE,FO,,sell,false,75.000000,395.800000,995537,1500000026001666,2025-09-24T09:51:01,2025-10-28
NIFTY25OCT25500CE,,2025-09-24,NSE,FO,,buy,false,75.000000,198.350000,675832,1600000026143655,2025-09-24T09:51:45,2025-10-28
BANKNIFTY25NOV57000CE,,2025-09-24,NSE,FO,,sell,false,35.000000,550.000000,301776,1900000021552401,2025-09-24T09:55:41,2025-11-25
BANKNIFTY25SEP55100CE,,2025-09-24,NSE,FO,,buy,false,35.000000,364.950000,527175,2000000047547629,2025-09-24T11:07:17,2025-09-30
BANKNIFTY25SEP55500CE,,2025-09-24,NSE,FO,,sell,false,35.000000,174.150000,528110,2000000047627293,2025-09-24T11:07:29,2025-09-30
BANKNIFTY25SEP55500CE,,2025-09-24,NSE,FO,,sell,false,35.000000,174.150000,528111,2000000047627293,2025-09-24T11:07:29,2025-09-30
BANKNIFTY25SEP55000PE,,2025-09-24,NSE,FO,,buy,false,35.000000,209.350000,628264,1900000051283192,2025-09-24T11:08:39,2025-09-30
BANKNIFTY25SEP55000PE,,2025-09-24,NSE,FO,,buy,false,35.000000,209.350000,628265,1900000051283192,2025-09-24T11:08:39,2025-09-30
BANKNIFTY25SEP54500PE,,2025-09-24,NSE,FO,,sell,false,35.000000,86.500000,539652,1800000054533101,2025-09-24T11:09:04,2025-09-30
BANKNIFTY25SEP55200PE,,2025-09-24,NSE,FO,,sell,false,35.000000,296.200000,699156,1700000054503162,2025-09-24T11:09:12,2025-09-30
BANKNIFTY25SEP55200PE,,2025-09-24,NSE,FO,,sell,false,35.000000,296.050000,699157,1700000054503162,2025-09-24T11:09:12,2025-09-30
BANKNIFTY25SEP55500PE,,2025-09-24,NSE,FO,,buy,false,35.000000,459.400000,556854,2000000049207881,2025-09-24T11:10:48,2025-09-30
BANKNIFTY25SEP55500PE,,2025-09-24,NSE,FO,,buy,false,35.000000,459.400000,556855,2000000049207881,2025-09-24T11:10:48,2025-09-30
BANKNIFTY25SEP55100PE,,2025-09-24,NSE,FO,,sell,false,35.000000,241.700000,557164,2000000049234290,2025-09-24T11:10:52,2025-09-30
BANKNIFTY25SEP55000CE,,2025-09-24,NSE,FO,,buy,false,35.000000,422.100000,649923,1900000052808843,2025-09-24T11:12:04,2025-09-30
BANKNIFTY25SEP55000CE,,2025-09-24,NSE,FO,,buy,false,35.000000,422.100000,649924,1900000052808843,2025-09-24T11:12:04,2025-09-30
BANKNIFTY25SEP55000CE,,2025-09-24,NSE,FO,,buy,false,35.000000,422.200000,649925,1900000052808843,2025-09-24T11:12:04,2025-09-30
BANKNIFTY25SEP55200CE,,2025-09-24,NSE,FO,,sell,false,35.000000,300.200000,718826,1700000055917442,2025-09-24T11:12:11,2025-09-30
BANKNIFTY25SEP55200CE,,2025-09-24,NSE,FO,,sell,false,35.000000,300.350000,718825,1700000055917442,2025-09-24T11:12:11,2025-09-30
BANKNIFTY25OCT56500CE,,2025-09-24,NSE,FO,,buy,false,35.000000,320.200000,558020,1800000056181839,2025-09-24T11:12:45,2025-10-28
BANKNIFTY25OCT55500CE,,2025-09-24,NSE,FO,,sell,false,35.000000,744.750000,567206,2000000050046905,2025-09-24T11:12:54,2025-10-28
BANKNIFTY25OCT55500CE,,2025-09-24,NSE,FO,,sell,false,35.000000,744.800000,568428,2000000050142503,2025-09-24T11:13:08,2025-10-28
NIFTY25OCT25000PE,,2025-09-24,NSE,FO,,buy,false,75.000000,209.450000,1438522,1300000067405490,2025-09-24T11:14:16,2025-10-28
NIFTY25OCT25000PE,,2025-09-24,NSE,FO,,buy,false,75.000000,209.350000,1438521,1300000067405490,2025-09-24T11:14:16,2025-10-28
NIFTY25OCT24700PE,,2025-09-24,NSE,FO,,sell,false,75.000000,123.050000,1476033,1400000069073708,2025-09-24T11:14:29,2025-10-28
NIFTY25OCT25100PE,,2025-09-24,NSE,FO,,sell,false,75.000000,243.500000,2258209,1500000073494121,2025-09-24T11:14:36,2025-10-28
NIFTY25NOV26000CE,,2025-09-24,NSE,FO,,sell,false,75.000000,178.350000,2111575,1200000165263944,2025-09-24T14:56:26,2025-11-25
NIFTY25SEP25000CE,,2025-09-25,NSE,FO,,buy,false,75.000000,106.300000,2754664,1300000119831910,2025-09-25T12:50:27,2025-09-30
NIFTY25SEP25100CE,,2025-09-25,NSE,FO,,sell,false,75.000000,62.150000,2544874,1500000120147094,2025-09-25T12:50:52,2025-09-30
NIFTY25SEP25050CE,,2025-09-25,NSE,FO,,buy,false,75.000000,81.800000,2277181,1400000119780407,2025-09-25T12:51:27,2025-09-30
NIFTY25SEP24900CE,,2025-09-25,NSE,FO,,sell,false,75.000000,171.850000,1377415,1100000108421551,2025-09-25T12:52:21,2025-09-30
NIFTY25SEP25000CE,,2025-09-25,NSE,FO,,buy,false,75.000000,108.850000,2774165,1300000120811029,2025-09-25T12:52:53,2025-09-30
NIFTY25SEP25200CE,,2025-09-25,NSE,FO,,sell,false,75.000000,36.300000,1588459,1000000118470078,2025-09-25T12:54:19,2025-09-30
NIFTY25NOV26000CE,,2025-09-25,NSE,FO,,buy,false,75.000000,147.800000,2203386,1200000157109415,2025-09-25T14:37:29,2025-11-25
NIFTY25NOV25000CE,,2025-09-25,NSE,FO,,sell,false,75.000000,579.000000,3956360,1300000166232142,2025-09-25T14:37:41,2025-11-25
BANKNIFTY25OCT55500CE,,2025-09-25,NSE,FO,,buy,false,70.000000,667.050000,1257952,2000000134135994,2025-09-25T15:27:43,2025-10-28
BANKNIFTY25OCT55500CE,,2025-09-25,NSE,FO,,buy,false,35.000000,667.250000,1257953,2000000134135994,2025-09-25T15:27:43,2025-10-28
BANKNIFTY25OCT55000CE,,2025-09-25,NSE,FO,,sell,false,35.000000,950.300000,1403996,1900000141818543,2025-09-25T15:27:55,2025-10-28
BANKNIFTY25OCT55000CE,,2025-09-25,NSE,FO,,sell,false,35.000000,951.400000,1403995,1900000141818543,2025-09-25T15:27:55,2025-10-28
BANKNIFTY25NOV57000CE,,2025-09-25,NSE,FO,,sell,false,35.000000,452.000000,1406147,1900000141910334,2025-09-25T15:28:15,2025-11-25
NIFTY25SEP25200PE,,2025-09-26,NSE,FO,,buy,false,75.000000,343.350000,138218,1000000001319080,2025-09-26T09:16:14,2025-09-30
NIFTY25SEP25000PE,,2025-09-26,NSE,FO,,sell,false,75.000000,174.700000,121589,1300000001226069,2025-09-26T09:16:18,2025-09-30
NIFTY25SEP24800PE,,2025-09-26,NSE,FO,,buy,false,150.000000,61.650000,179474,1600000001636471,2025-09-26T09:16:42,2025-09-30
NIFTY25SEP25050PE,,2025-09-26,NSE,FO,,sell,false,75.000000,201.600000,124454,1400000001581571,2025-09-26T09:16:49,2025-09-30
NIFTY25SEP24700PE,,2025-09-26,NSE,FO,,sell,false,75.000000,32.650000,133853,1400000001737742,2025-09-26T09:17:01,2025-09-30
NIFTY25SEP25000CE,,2025-09-26,NSE,FO,,buy,false,75.000000,48.950000,191504,1300000002259878,2025-09-26T09:17:32,2025-09-30
NIFTY25SEP25100CE,,2025-09-26,NSE,FO,,sell,false,75.000000,26.050000,163516,1500000002285700,2025-09-26T09:17:42,2025-09-30
NIFTY25SEP25200CE,,2025-09-26,NSE,FO,,buy,false,75.000000,13.950000,240397,1000000002919112,2025-09-26T09:17:53,2025-09-30
NIFTY25SEP25050CE,,2025-09-26,NSE,FO,,sell,false,75.000000,35.200000,173491,1400000002541276,2025-09-26T09:18:01,2025-09-30
BANKNIFTY25SEP55200CE,,2025-09-26,NSE,FO,,buy,false,35.000000,127.300000,121425,1700000003652881,2025-09-26T09:19:32,2025-09-30
BANKNIFTY25SEP55200CE,,2025-09-26,NSE,FO,,buy,false,35.000000,127.300000,121424,1700000003652881,2025-09-26T09:19:32,2025-09-30
BANKNIFTY25SEP55500CE,,2025-09-26,NSE,FO,,buy,false,35.000000,61.550000,88957,2000000003269099,2025-09-26T09:19:32,2025-09-30
BANKNIFTY25SEP54800CE,,2025-09-26,NSE,FO,,sell,false,35.000000,308.800000,122768,1700000003705345,2025-09-26T09:19:37,2025-09-30
BANKNIFTY25SEP54700PE,,2025-09-26,NSE,FO,,buy,false,35.000000,152.000000,104363,2000000004078324,2025-09-26T09:20:46,2025-09-30
BANKNIFTY25SEP54700PE,,2025-09-26,NSE,FO,,buy,false,35.000000,152.000000,104364,2000000004078324,2025-09-26T09:20:46,2025-09-30
BANKNIFTY25SEP55000PE,,2025-09-26,NSE,FO,,sell,false,35.000000,281.900000,128878,1900000004604541,2025-09-26T09:21:00,2025-09-30
BANKNIFTY25SEP55000PE,,2025-09-26,NSE,FO,,sell,false,35.000000,281.850000,128879,1900000004604541,2025-09-26T09:21:00,2025-09-30
BANKNIFTY25OCT54000PE,,2025-09-26,NSE,FO,,buy,false,35.000000,294.000000,213080,1700000007213097,2025-09-26T09:24:24,2025-10-28
BANKNIFTY25OCT54000PE,,2025-09-26,NSE,FO,,buy,false,35.000000,294.600000,213081,1700000007213097,2025-09-26T09:24:24,2025-10-28
BANKNIFTY25OCT54000PE,,2025-09-26,NSE,FO,,buy,false,35.000000,294.900000,213082,1700000007213097,2025-09-26T09:24:24,2025-10-28
BANKNIFTY25OCT54900PE,,2025-09-26,NSE,FO,,sell,false,35.000000,562.650000,156515,1800000007213185,2025-09-26T09:24:36,2025-10-28
BANKNIFTY25OCT54900PE,,2025-09-26,NSE,FO,,sell,false,35.000000,562.700000,156514,1800000007213185,2025-09-26T09:24:36,2025-10-28
BANKNIFTY25OCT53000PE,,2025-09-26,NSE,FO,,sell,false,35.000000,139.950000,182203,1900000007204404,2025-09-26T09:24:56,2025-10-28
BANKNIFTY25OCT55000CE,,2025-09-26,NSE,FO,,buy,false,105.000000,834.600000,191120,1900000007645206,2025-09-26T09:25:38,2025-10-28
BANKNIFTY25OCT54500CE,,2025-09-26,NSE,FO,,sell,false,35.000000,1152.100000,169178,1800000007982684,2025-09-26T09:25:50,2025-10-28
BANKNIFTY25OCT54500CE,,2025-09-26,NSE,FO,,sell,false,35.000000,1152.000000,169179,1800000007982684,2025-09-26T09:25:50,2025-10-28
BANKNIFTY25OCT55000CE,,2025-09-26,NSE,FO,,buy,false,35.000000,833.200000,195243,1900000007890058,2025-09-26T09:26:02,2025-10-28
BANKNIFTY25OCT55500CE,,2025-09-26,NSE,FO,,sell,false,35.000000,561.300000,175940,2000000007852237,2025-09-26T09:27:00,2025-10-28
BANKNIFTY25OCT55600CE,,2025-09-26,NSE,FO,,sell,false,35.000000,509.000000,534289,1700000022237823,2025-09-26T09:46:57,2025-10-28
BANKNIFTY25OCT58000CE,,2025-09-26,NSE,FO,,buy,false,35.000000,47.450000,536383,1700000022325255,2025-09-26T09:47:04,2025-10-28
BANKNIFTY25OCT56100CE,,2025-09-26,NSE,FO,,sell,false,35.000000,326.850000,387131,1800000021351862,2025-09-26T09:47:15,2025-10-28
NIFTY25SEP24900CE,,2025-09-26,NSE,FO,,buy,false,75.000000,66.600000,1354687,1100000033861145,2025-09-26T10:00:59,2025-09-30
NIFTY25SEP25400CE,,2025-09-26,NSE,FO,,sell,false,75.000000,4.400000,1035652,1400000032141923,2025-09-26T10:01:09,2025-09-30
NIFTY25SEP25600CE,,2025-09-26,NSE,FO,,sell,false,150.000000,2.600000,1357009,1100000033977592,2025-09-26T10:01:09,2025-09-30
NIFTY25NOV25500CE,,2025-09-26,NSE,FO,,buy,false,75.000000,255.600000,1897310,1600000036132371,2025-09-26T10:01:43,2025-11-25
NIFTY25NOV25000CE,,2025-09-26,NSE,FO,,sell,false,75.000000,490.300000,1152312,1300000033280325,2025-09-26T10:01:55,2025-11-25
BANKNIFTY25SEP54600PE,,2025-09-26,NSE,FO,,buy,false,35.000000,152.050000,802745,1900000050242206,2025-09-26T10:52:19,2025-09-30
BANKNIFTY25SEP54600PE,,2025-09-26,NSE,FO,,buy,false,35.000000,152.100000,802746,1900000050242206,2025-09-26T10:52:19,2025-09-30
BANKNIFTY25SEP54700PE,,2025-09-26,NSE,FO,,sell,false,35.000000,189.050000,671098,2000000047113737,2025-09-26T10:52:27,2025-09-30
BANKNIFTY25SEP54700PE,,2025-09-26,NSE,FO,,sell,false,35.000000,189.050000,671099,2000000047113737,2025-09-26T10:52:27,2025-09-30
BANKNIFTY25SEP54600CE,,2025-09-26,NSE,FO,,sell,false,35.000000,342.000000,803818,1900000050381281,2025-09-26T10:52:42,2025-09-30
BANKNIFTY25SEP54800CE,,2025-09-26,NSE,FO,,buy,false,35.000000,226.700000,895039,1700000053429307,2025-09-26T10:52:48,2025-09-30
BANKNIFTY25SEP54600CE,,2025-09-26,NSE,FO,,buy,false,35.000000,284.200000,872575,1900000055200462,2025-09-26T11:03:58,2025-09-30
BANKNIFTY25SEP55100CE,,2025-09-26,NSE,FO,,sell,false,35.000000,86.900000,733876,2000000051828202,2025-09-26T11:04:05,2025-09-30
BANKNIFTY25NOV57000CE,,2025-09-26,NSE,FO,,buy,false,35.000000,370.000000,877434,1900000055421507,2025-09-26T11:04:24,2025-11-25
BANKNIFTY25NOV57000CE,,2025-09-26,NSE,FO,,buy,false,35.000000,374.000000,877435,1900000055421507,2025-09-26T11:04:24,2025-11-25
BANKNIFTY25NOV57000CE,,2025-09-26,NSE,FO,,buy,false,35.000000,369.950000,877433,1900000055421507,2025-09-26T11:04:24,2025-11-25
BANKNIFTY25NOV55000CE,,2025-09-26,NSE,FO,,sell,false,35.000000,1181.150000,880079,1900000055513365,2025-09-26T11:04:31,2025-11-25
BANKNIFTY25NOV56500CE,,2025-09-26,NSE,FO,,sell,false,35.000000,500.100000,698862,1800000055953728,2025-09-26T11:05:01,2025-11-25
NIFTY25SEP25000CE,,2025-09-26,NSE,FO,,sell,false,75.000000,28.050000,1644532,1300000064713882,2025-09-26T11:05:49,2025-09-30
BANKNIFTY25SEP52000PE,,2025-09-26,NSE,FO,,sell,false,105.000000,5.000000,1012193,1700000061261059,2025-09-26T11:09:30,2025-09-30
BANKNIFTY25SEP54500PE,,2025-09-26,NSE,FO,,buy,false,35.000000,136.600000,736925,1800000058295084,2025-09-26T11:09:30,2025-09-30
BANKNIFTY25SEP54600PE,,2025-09-26,NSE,FO,,sell,false,35.000000,171.750000,928252,1900000058062271,2025-09-26T11:09:30,2025-09-30
BANKNIFTY25SEP54600PE,,2025-09-26,NSE,FO,,sell,false,35.000000,171.750000,928251,1900000058062271,2025-09-26T11:09:30,2025-09-30
BANKNIFTY25SEP55100PE,,2025-09-26,NSE,FO,,buy,false,35.000000,469.800000,773617,2000000054362568,2025-09-26T11:09:30,2025-09-30
BANKNIFTY25SEP57500CE,,2025-09-26,NSE,FO,,sell,false,35.000000,5.450000,773615,2000000054362541,2025-09-26T11:09:30,2025-09-30
BANKNIFTY25SEP57500CE,,2025-09-26,NSE,FO,,sell,false,35.000000,5.450000,773614,2000000054362541,2025-09-26T11:09:30,2025-09-30
BANKNIFTY25SEP57500CE,,2025-09-26,NSE,FO,,sell,false,35.000000,5.450000,773613,2000000054362541,2025-09-26T11:09:30,2025-09-30
BANKNIFTY25SEP57500CE,,2025-09-26,NSE,FO,,sell,false,35.000000,5.450000,773616,2000000054362541,2025-09-26T11:09:30,2025-09-30
BANKNIFTY25SEP58500CE,,2025-09-26,NSE,FO,,sell,false,35.000000,4.450000,736924,1800000058295041,2025-09-26T11:09:30,2025-09-30
NIFTY25SEP25000PE,,2025-09-26,NSE,FO,,buy,false,75.000000,194.100000,1678862,1300000066782430,2025-09-26T11:09:51,2025-09-30
NIFTY25SEP24700PE,,2025-09-26,NSE,FO,,buy,false,75.000000,38.200000,1565673,1400000065345913,2025-09-26T11:10:12,2025-09-30
NIFTY25SEP24800PE,,2025-09-26,NSE,FO,,sell,false,150.000000,69.850000,3067781,1600000073661820,2025-09-26T11:10:12,2025-09-30
NIFTY25SEP25100CE,,2025-09-26,NSE,FO,,buy,false,75.000000,16.600000,1802397,1500000067751714,2025-09-26T11:10:12,2025-09-30
NIFTY25OCT24600PE,,2025-09-26,NSE,FO,,buy,false,150.000000,165.200000,1472098,1200000072374080,2025-09-26T11:26:48,2025-10-28
NIFTY25OCT24600PE,,2025-09-26,NSE,FO,,buy,false,75.000000,165.200000,1472099,1200000072374080,2025-09-26T11:26:48,2025-10-28
NIFTY25OCT25000PE,,2025-09-26,NSE,FO,,sell,false,75.000000,319.100000,1801367,1300000074756704,2025-09-26T11:26:56,2025-10-28
NIFTY25OCT25000PE,,2025-09-26,NSE,FO,,sell,false,75.000000,319.100000,1801366,1300000074756704,2025-09-26T11:26:56,2025-10-28
NIFTY25OCT25100CE,,2025-09-26,NSE,FO,,buy,false,150.000000,224.000000,2003063,1500000076323161,2025-09-26T11:27:46,2025-10-28
NIFTY25OCT24700CE,,2025-09-26,NSE,FO,,sell,false,75.000000,443.750000,1706657,1400000074290865,2025-09-26T11:27:51,2025-10-28
NIFTY25OCT24300PE,,2025-09-26,NSE,FO,,sell,false,75.000000,97.050000,1807220,1300000075341904,2025-09-26T11:28:20,2025-10-28
BANKNIFTY25OCT53500PE,,2025-09-26,NSE,FO,,buy,false,70.000000,300.400000,1477040,2000000124983686,2025-09-26T14:11:19,2025-10-28
BANKNIFTY25OCT53500PE,,2025-09-26,NSE,FO,,buy,false,35.000000,300.500000,1477041,2000000124983686,2025-09-26T14:11:19,2025-10-28
BANKNIFTY25OCT54000PE,,2025-09-26,NSE,FO,,sell,false,105.000000,428.200000,2115371,1700000140200399,2025-09-26T14:11:29,2025-10-28
BANKNIFTY25OCT54500CE,,2025-09-26,NSE,FO,,buy,false,35.000000,894.150000,1594504,1800000135825829,2025-09-26T14:12:15,2025-10-28
BANKNIFTY25OCT54500CE,,2025-09-26,NSE,FO,,buy,false,105.000000,894.100000,1594503,1800000135825829,2025-09-26T14:12:15,2025-10-28
BANKNIFTY25OCT54000CE,,2025-09-26,NSE,FO,,sell,false,35.000000,1211.650000,2121519,1700000140684295,2025-09-26T14:12:21,2025-10-28
BANKNIFTY25OCT54000CE,,2025-09-26,NSE,FO,,sell,false,105.000000,1211.600000,2121520,1700000140684295,2025-09-26T14:12:21,2025-10-28
NIFTY25OCT24700CE,,2025-09-26,NSE,FO,,buy,false,150.000000,383.000000,4036138,1400000159020123,2025-09-26T14:13:52,2025-10-28
NIFTY25OCT24700CE,,2025-09-26,NSE,FO,,buy,false,75.000000,383.300000,4036139,1400000159020123,2025-09-26T14:13:52,2025-10-28
NIFTY25OCT24500CE,,2025-09-26,NSE,FO,,sell,false,75.000000,506.850000,4568553,1000000178426510,2025-09-26T14:13:57,2025-10-28
NIFTY25OCT24500CE,,2025-09-26,NSE,FO,,sell,false,150.000000,507.000000,4568552,1000000178426510,2025-09-26T14:13:57,2025-10-28
NIFTY25OCT24400PE,,2025-09-26,NSE,FO,,buy,false,75.000000,155.300000,4374629,1500000166065781,2025-09-26T14:14:29,2025-10-28
NIFTY25OCT24400PE,,2025-09-26,NSE,FO,,buy,false,150.000000,155.300000,4374630,1500000166065781,2025-09-26T14:14:29,2025-10-28
NIFTY25OCT24400PE,,2025-09-26,NSE,FO,,buy,false,75.000000,155.200000,4374628,1500000166065781,2025-09-26T14:14:29,2025-10-28
NIFTY25OCT24600PE,,2025-09-26,NSE,FO,,sell,false,150.000000,218.150000,3027298,1200000153987466,2025-09-26T14:14:37,2025-10-28
NIFTY25OCT24600PE,,2025-09-26,NSE,FO,,sell,false,75.000000,218.150000,3027299,1200000153987466,2025-09-26T14:14:37,2025-10-28
BANKNIFTY25NOV56500CE,,2025-09-26,NSE,FO,,buy,false,35.000000,444.200000,1611552,1800000137419960,2025-09-26T14:15:26,2025-11-25
BANKNIFTY25OCT55500CE,,2025-09-26,NSE,FO,,buy,false,35.000000,414.050000,1504788,2000000127413789,2025-09-26T14:16:35,2025-10-28
BANKNIFTY25NOV55000CE,,2025-09-26,NSE,FO,,sell,false,35.000000,1047.550000,1920804,1900000137701985,2025-09-26T14:16:41,2025-11-25
BANKNIFTY25OCT58000CE,,2025-09-26,NSE,FO,,buy,false,35.000000,40.100000,2167792,1700000143713346,2025-09-26T14:17:52,2025-10-28
BANKNIFTY25OCT55000CE,,2025-09-26,NSE,FO,,sell,false,35.000000,619.700000,1928424,1900000138413877,2025-09-26T14:18:06,2025-10-28
NIFTY25OCT24300PE,,2025-09-26,NSE,FO,,sell,false,75.000000,137.100000,4066947,1300000173664013,2025-09-26T14:36:24,2025-10-28
BANKNIFTY25OCT53500PE,,2025-09-26,NSE,FO,,buy,false,35.000000,280.700000,1658893,2000000141550902,2025-09-26T14:49:56,2025-10-28
BANKNIFTY25OCT52000PE,,2025-09-26,NSE,FO,,sell,false,35.000000,92.300000,2394774,1700000159684238,2025-09-26T14:50:05,2025-10-28
BANKNIFTY25OCT52000PE,,2025-09-26,NSE,FO,,sell,false,35.000000,92.250000,2394775,1700000159684238,2025-09-26T14:50:05,2025-10-28
NIFTY25OCT24400PE,,2025-09-26,NSE,FO,,buy,false,75.000000,157.450000,4863550,1500000188622980,2025-09-26T14:52:35,2025-10-28
NIFTY25OCT23500PE,,2025-09-26,NSE,FO,,sell,false,150.000000,37.400000,4373923,1100000183231845,2025-09-26T14:52:43,2025-10-28
NIFTY25NOV24700PE,,2025-09-29,NSE,FO,,buy,false,75.000000,312.300000,392738,1400000004457924,2025-09-29T09:19:22,2025-11-25
NIFTY25NOV25000PE,,2025-09-29,NSE,FO,,sell,false,75.000000,435.050000,281341,1300000004236175,2025-09-29T09:19:37,2025-11-25
NIFTY25OCT24300PE,,2025-09-29,NSE,FO,,buy,false,75.000000,95.050000,1566224,1300000049358564,2025-09-29T10:29:25,2025-10-28
NIFTY25NOV24700PE,,2025-09-29,NSE,FO,,buy,false,75.000000,271.000000,2543964,1400000052536516,2025-09-29T10:29:54,2025-11-25
NIFTY25NOV24400PE,,2025-09-29,NSE,FO,,sell,false,75.000000,186.700000,2368395,1500000054010873,2025-09-29T10:30:31,2025-11-25
BANKNIFTY25OCT54000CE,,2025-10-01,NSE,FO,,buy,false,70.000000,1615.400000,296818,1700000046023851,2025-10-01T11:24:10,2025-10-28
BANKNIFTY25OCT54000CE,,2025-10-01,NSE,FO,,buy,false,35.000000,1615.500000,296820,1700000046023851,2025-10-01T11:24:10,2025-10-28
BANKNIFTY25OCT54000CE,,2025-10-01,NSE,FO,,buy,false,35.000000,1615.400000,296819,1700000046023851,2025-10-01T11:24:10,2025-10-28
BANKNIFTY25OCT55000CE,,2025-10-01,NSE,FO,,sell,false,35.000000,881.300000,297415,1900000040879653,2025-10-01T11:24:17,2025-10-28
BANKNIFTY25OCT55000CE,,2025-10-01,NSE,FO,,sell,false,35.000000,881.250000,297416,1900000040879653,2025-10-01T11:24:17,2025-10-28
BANKNIFTY25OCT55000CE,,2025-10-01,NSE,FO,,sell,false,35.000000,881.300000,297414,1900000040879653,2025-10-01T11:24:17,2025-10-28
BANKNIFTY25NOV56000CE,,2025-10-01,NSE,FO,,buy,false,35.000000,784.850000,297479,1700000046166287,2025-10-01T11:24:36,2025-11-25
BANKNIFTY25NOV57000CE,,2025-10-01,NSE,FO,,sell,false,35.000000,405.450000,298348,1900000041074781,2025-10-01T11:24:58,2025-11-25
BANKNIFTY25DECFUT,,2025-10-01,NSE,FO,,sell,false,35.000000,56050.000000,220750,1800000042953865,2025-10-01T11:29:02,2025-12-30
BANKNIFTY25DEC56000CE,,2025-10-01,NSE,FO,,buy,false,35.000000,1275.000000,304038,1700000047598839,2025-10-01T11:29:29,2025-12-30
BANKNIFTY25DEC57000CE,,2025-10-01,NSE,FO,,sell,false,35.000000,835.350000,416751,1900000057862455,2025-10-01T12:22:12,2025-12-30
BANKNIFTY25OCT53000PE,,2025-10-01,NSE,FO,,buy,false,35.000000,91.550000,449319,1900000065540576,2025-10-01T12:49:36,2025-10-28
BANKNIFTY25OCT55000PE,,2025-10-01,NSE,FO,,sell,false,35.000000,443.850000,449379,1900000065567945,2025-10-01T12:49:43,2025-10-28
BANKNIFTY25DEC56000CE,,2025-10-01,NSE,FO,,buy,false,35.000000,1350.000000,506224,1700000066560625,2025-10-01T13:32:06,2025-12-30
BANKNIFTY25NOV55000PE,,2025-10-01,NSE,FO,,sell,false,35.000000,580.050000,489254,1900000076848594,2025-10-01T13:33:36,2025-11-25
BANKNIFTY25NOV54000PE,,2025-10-01,NSE,FO,,buy,false,35.000000,332.600000,508873,1700000086803924,2025-10-01T13:34:23,2025-11-25
NIFTY25OCT24400PE,,2025-10-01,NSE,FO,,sell,false,75.000000,99.100000,2430750,1500000146871706,2025-10-01T13:35:03,2025-10-28
NIFTY25OCT24300PE,,2025-10-01,NSE,FO,,buy,false,75.000000,81.900000,2902868,1300000156909377,2025-10-01T13:35:08,2025-10-28
NIFTY25NOV25200CE,,2025-10-01,NSE,FO,,buy,false,75.000000,323.950000,2075069,1000000152328200,2025-10-01T13:40:41,2025-11-25
NIFTY25NOV25400CE,,2025-10-01,NSE,FO,,sell,false,75.000000,239.050000,3567907,1400000153417706,2025-10-01T13:41:00,2025-11-25
NIFTY25DEC25500CE,,2025-10-01,NSE,FO,,buy,false,75.000000,393.000000,2965149,1600000149641281,2025-10-01T13:42:15,2025-12-30
NIFTY25DECFUT,,2025-10-01,NSE,FO,,sell,false,75.000000,25203.200000,2080312,1000000152973481,2025-10-01T13:42:40,2025-12-30
NIFTY25NOV25000PE,,2025-10-01,NSE,FO,,sell,false,75.000000,354.050000,3530532,1300000202651566,2025-10-01T15:11:01,2025-11-25
NIFTY25NOV24400PE,,2025-10-01,NSE,FO,,buy,false,75.000000,164.000000,3079853,1500000190947270,2025-10-01T15:11:17,2025-11-25
BANKNIFTY25NOV56000CE,,2025-10-03,NSE,FO,,buy,false,35.000000,944.600000,182123,1700000033517654,2025-10-03T10:32:20,2025-11-25
BANKNIFTY25NOV57000CE,,2025-10-03,NSE,FO,,sell,false,35.000000,495.550000,170551,1900000030133835,2025-10-03T10:32:28,2025-11-25
BANKNIFTY25OCT55000PE,,2025-10-03,NSE,FO,,buy,false,35.000000,329.250000,281825,1900000067766761,2025-10-03T12:24:02,2025-10-28
BANKNIFTY25OCT55000PE,,2025-10-03,NSE,FO,,buy,false,35.000000,329.250000,281826,1900000067766761,2025-10-03T12:24:02,2025-10-28
BANKNIFTY25DEC56000CE,,2025-10-03,NSE,FO,,buy,false,35.000000,1430.000000,293653,1700000074440040,2025-10-03T12:24:50,2025-12-30
BANKNIFTY25DEC57000CE,,2025-10-03,NSE,FO,,sell,false,35.000000,915.000000,282421,1900000068133132,2025-10-03T12:25:10,2025-12-30
BANKNIFTY25OCT55500PE,,2025-10-03,NSE,FO,,sell,false,35.000000,495.100000,244948,2000000062011123,2025-10-03T12:25:20,2025-10-28
BANKNIFTY25NOV56000CE,,2025-10-03,NSE,FO,,buy,false,35.000000,951.950000,454632,1700000127631455,2025-10-03T15:17:49,2025-11-25
BANKNIFTY25OCT53500PE,,2025-10-03,NSE,FO,,sell,false,35.000000,86.300000,364420,2000000107837138,2025-10-03T15:19:44,2025-10-28
BANKNIFTY25OCT55700PE,,2025-10-06,NSE,FO,,buy,false,35.000000,475.100000,66268,1800000008948742,2025-10-06T09:33:21,2025-10-28
BANKNIFTY25OCT55500PE,,2025-10-06,NSE,FO,,sell,false,35.000000,395.750000,69772,2000000008143044,2025-10-06T09:33:30,2025-10-28
BANKNIFTY25NOV55000PE,,2025-10-06,NSE,FO,,buy,false,35.000000,393.400000,95348,1900000011178329,2025-10-06T09:38:39,2025-11-25
BANKNIFTY25NOV55000PE,,2025-10-06,NSE,FO,,buy,false,35.000000,393.350000,95347,1900000011178329,2025-10-06T09:38:39,2025-11-25
BANKNIFTY25NOV56000PE,,2025-10-06,NSE,FO,,sell,false,35.000000,701.550000,116521,1700000012568407,2025-10-06T09:38:50,2025-11-25
BANKNIFTY25OCT55500PE,,2025-10-06,NSE,FO,,buy,false,35.000000,361.000000,84180,2000000010518729,2025-10-06T09:39:03,2025-10-28
BANKNIFTY25NOV56000PE,,2025-10-06,NSE,FO,,sell,false,35.000000,702.000000,117295,1700000012690131,2025-10-06T09:39:06,2025-11-25
BANKNIFTY25NOV54000PE,,2025-10-06,NSE,FO,,buy,false,35.000000,213.650000,118471,1700000012876079,2025-10-06T09:39:31,2025-11-25
BANKNIFTY25NOV56000PE,,2025-10-06,NSE,FO,,sell,false,35.000000,699.000000,118771,1700000012941260,2025-10-06T09:39:39,2025-11-25
BANKNIFTY25NOV56500CE,,2025-10-06,NSE,FO,,buy,false,35.000000,822.350000,83764,1800000012685216,2025-10-06T09:41:13,2025-11-25
BANKNIFTY25NOV56500CE,,2025-10-06,NSE,FO,,buy,false,35.000000,822.400000,83765,1800000012685216,2025-10-06T09:41:13,2025-11-25
BANKNIFTY25NOV56000CE,,2025-10-06,NSE,FO,,sell,false,35.000000,1093.500000,122952,1700000013791024,2025-10-06T09:41:25,2025-11-25
BANKNIFTY25NOV56000CE,,2025-10-06,NSE,FO,,sell,false,35.000000,1092.300000,122953,1700000013791024,2025-10-06T09:41:25,2025-11-25
BANKNIFTY25NOV56500CE,,2025-10-06,NSE,FO,,buy,false,35.000000,821.550000,85340,1800000012986599,2025-10-06T09:41:58,2025-11-25
BANKNIFTY25NOV56500CE,,2025-10-06,NSE,FO,,buy,false,35.000000,824.750000,85341,1800000012986599,2025-10-06T09:41:58,2025-11-25
BANKNIFTY25NOV56000CE,,2025-10-06,NSE,FO,,sell,false,35.000000,1090.700000,124659,1700000014105350,2025-10-06T09:42:08,2025-11-25
BANKNIFTY25NOV56000CE,,2025-10-06,NSE,FO,,sell,false,35.000000,1089.050000,124660,1700000014105350,2025-10-06T09:42:08,2025-11-25
BANKNIFTY25NOV56500CE,,2025-10-06,NSE,FO,,buy,false,35.000000,817.850000,85807,1800000013098947,2025-10-06T09:42:15,2025-11-25
BANKNIFTY25NOV56000CE,,2025-10-06,NSE,FO,,sell,false,35.000000,1091.150000,125036,1700000014208966,2025-10-06T09:42:22,2025-11-25
BANKNIFTY25OCT53500PE,,2025-10-06,NSE,FO,,sell,false,35.000000,63.000000,91941,2000000012083370,2025-10-06T09:43:03,2025-10-28
BANKNIFTY25OCT55500PE,,2025-10-06,NSE,FO,,buy,false,35.000000,297.150000,328646,2000000090758745,2025-10-06T14:13:44,2025-10-28
BANKNIFTY25OCT55500PE,,2025-10-06,NSE,FO,,buy,false,35.000000,297.100000,328644,2000000090758745,2025-10-06T14:13:44,2025-10-28
BANKNIFTY25OCT55500PE,,2025-10-06,NSE,FO,,buy,false,35.000000,297.100000,328645,2000000090758745,2025-10-06T14:13:44,2025-10-28
NIFTY25OCT24700PE,,2025-10-06,NSE,FO,,buy,false,75.000000,83.600000,5102715,1400000164160283,2025-10-06T14:14:44,2025-10-28
BANKNIFTY25OCT56000PE,,2025-10-06,NSE,FO,,sell,false,35.000000,457.050000,498564,1700000104824894,2025-10-06T14:15:42,2025-10-28
NIFTY25NOV24500PE,,2025-10-06,NSE,FO,,buy,false,75.000000,128.350000,3737777,1000000163643007,2025-10-06T14:16:44,2025-11-25
NIFTY25NOV25000PE,,2025-10-06,NSE,FO,,sell,false,75.000000,251.650000,7499920,1300000177877576,2025-10-06T14:16:52,2025-11-25
NIFTY25NOV25500CE,,2025-10-06,NSE,FO,,buy,false,150.000000,266.850000,3707608,1600000154908703,2025-10-06T14:17:22,2025-11-25
NIFTY25NOV25800CE,,2025-10-06,NSE,FO,,sell,false,75.000000,154.600000,4698943,1500000161194286,2025-10-06T14:17:57,2025-11-25
NIFTY25NOV25200CE,,2025-10-06,NSE,FO,,sell,false,75.000000,412.500000,3764191,1000000164949347,2025-10-06T14:18:54,2025-11-25
BANKNIFTY25NOV56700CE,,2025-10-06,NSE,FO,,buy,false,35.000000,799.450000,330803,2000000092694660,2025-10-06T14:21:07,2025-11-25
BANKNIFTY25NOV56700CE,,2025-10-06,NSE,FO,,buy,false,35.000000,799.500000,330804,2000000092694660,2025-10-06T14:21:07,2025-11-25
BANKNIFTY25NOV56500CE,,2025-10-06,NSE,FO,,sell,false,35.000000,901.650000,334451,1800000098265235,2025-10-06T14:21:17,2025-11-25
BANKNIFTY25NOV56500CE,,2025-10-06,NSE,FO,,sell,false,35.000000,901.600000,334452,1800000098265235,2025-10-06T14:21:17,2025-11-25
BANKNIFTY25NOV56700CE,,2025-10-06,NSE,FO,,buy,false,70.000000,805.450000,330912,2000000092795104,2025-10-06T14:21:31,2025-11-25
BANKNIFTY25NOV56500CE,,2025-10-06,NSE,FO,,sell,false,35.000000,902.300000,334655,1800000098361990,2025-10-06T14:21:40,2025-11-25
BANKNIFTY25NOV56500CE,,2025-10-06,NSE,FO,,sell,false,35.000000,902.300000,334654,1800000098361990,2025-10-06T14:21:40,2025-11-25
BANKNIFTY25NOV56700CE,,2025-10-06,NSE,FO,,buy,false,35.000000,804.500000,330967,2000000092866831,2025-10-06T14:21:46,2025-11-25
BANKNIFTY25NOV56500CE,,2025-10-06,NSE,FO,,sell,false,35.000000,904.300000,334716,1800000098413045,2025-10-06T14:21:52,2025-11-25
NIFTY25O1425050CE,,2025-10-06,NSE,FO,,buy,false,75.000000,171.250000,5662725,1400000180281510,2025-10-06T14:40:47,2025-10-14
NIFTY25O1425050PE,,2025-10-06,NSE,FO,,sell,false,75.000000,98.350000,5663938,1400000180329578,2025-10-06T14:40:52,2025-10-14
BANKNIFTY25DEC56000CE,,2025-10-06,NSE,FO,,buy,false,35.000000,1700.000000,522564,1700000113199038,2025-10-06T14:41:48,2025-12-30
BANKNIFTY25DEC57000CE,,2025-10-06,NSE,FO,,sell,false,35.000000,1110.000000,405806,1900000105143166,2025-10-06T14:42:15,2025-12-30
BANKNIFTY25OCT55700PE,,2025-10-06,NSE,FO,,buy,false,35.000000,352.100000,348576,1800000105763889,2025-10-06T14:47:57,2025-10-28
BANKNIFTY25OCT53500PE,,2025-10-06,NSE,FO,,sell,false,35.000000,56.600000,342816,2000000100156344,2025-10-06T14:48:27,2025-10-28
BANKNIFTY25OCT53500PE,,2025-10-06,NSE,FO,,sell,false,35.000000,56.550000,342928,2000000100244821,2025-10-06T14:48:45,2025-10-28
BANKNIFTY25OCT56100CE,,2025-10-06,NSE,FO,,buy,false,35.000000,684.200000,366621,1800000111924420,2025-10-06T15:08:27,2025-10-28
BANKNIFTY25OCT57000CE,,2025-10-06,NSE,FO,,sell,false,35.000000,262.650000,428141,1900000112812063,2025-10-06T15:08:45,2025-10-28
NIFTY25O1425050CE,,2025-10-07,NSE,FO,,buy,false,75.000000,190.500000,37103,1400000000319370,2025-10-07T09:15:17,2025-10-14
NIFTY25O1425100CE,,2025-10-07,NSE,FO,,sell,false,75.000000,150.050000,80999,1500000000497788,2025-10-07T09:15:24,2025-10-14
NIFTY25O1425050PE,,2025-10-07,NSE,FO,,buy,false,75.000000,78.800000,86408,1400000000853421,2025-10-07T09:15:50,2025-10-14
BANKNIFTY25OCT56000PE,,2025-10-07,NSE,FO,,buy,false,35.000000,369.150000,209771,1700000031162322,2025-10-07T10:26:01,2025-10-28
BANKNIFTY25OCT56500PE,,2025-10-07,NSE,FO,,sell,false,35.000000,560.000000,162796,1800000029456266,2025-10-07T10:26:10,2025-10-28
BANKNIFTY25OCT56400CE,,2025-10-07,NSE,FO,,buy,false,35.000000,613.000000,239752,1700000040034541,2025-10-07T10:52:27,2025-10-28
BANKNIFTY25OCT57000CE,,2025-10-07,NSE,FO,,sell,false,35.000000,323.200000,197631,1900000036432003,2025-10-07T10:52:49,2025-10-28
BANKNIFTY25OCT56400CE,,2025-10-07,NSE,FO,,buy,false,35.000000,614.900000,240334,1700000040192887,2025-10-07T10:53:08,2025-10-28
BANKNIFTY25OCT58000CE,,2025-10-07,NSE,FO,,sell,false,35.000000,87.850000,240464,1700000040250721,2025-10-07T10:53:24,2025-10-28
BANKNIFTY25OCT58000CE,,2025-10-07,NSE,FO,,sell,false,35.000000,87.850000,240463,1700000040250721,2025-10-07T10:53:24,2025-10-28
BANKNIFTY25OCT56400CE,,2025-10-07,NSE,FO,,buy,false,35.000000,612.850000,240638,1700000040323956,2025-10-07T10:53:44,2025-10-28
BANKNIFTY25OCT56100CE,,2025-10-07,NSE,FO,,sell,false,35.000000,795.950000,183601,1800000037741050,2025-10-07T10:53:48,2025-10-28
BANKNIFTY25OCT59000CE,,2025-10-07,NSE,FO,,buy,false,35.000000,28.050000,198366,1900000036693409,2025-10-07T10:54:05,2025-10-28
BANKNIFTY25OCT59000CE,,2025-10-07,NSE,FO,,buy,false,35.000000,28.050000,198365,1900000036693409,2025-10-07T10:54:05,2025-10-28
BANKNIFTY25NOV57100CE,,2025-10-07,NSE,FO,,buy,false,35.000000,708.000000,172249,2000000036204269,2025-10-07T11:02:43,2025-11-25
BANKNIFTY25NOV56700CE,,2025-10-07,NSE,FO,,sell,false,35.000000,902.500000,172428,2000000036270454,2025-10-07T11:03:03,2025-11-25
BANKNIFTY25NOV57100CE,,2025-10-07,NSE,FO,,buy,false,35.000000,701.450000,172729,2000000036311332,2025-10-07T11:03:17,2025-11-25
BANKNIFTY25NOV56700CE,,2025-10-07,NSE,FO,,sell,false,35.000000,898.000000,172882,2000000036338070,2025-10-07T11:03:25,2025-11-25
BANKNIFTY25NOV57100CE,,2025-10-07,NSE,FO,,buy,false,35.000000,701.300000,172983,2000000036355708,2025-10-07T11:03:30,2025-11-25
BANKNIFTY25NOV56700CE,,2025-10-07,NSE,FO,,sell,false,35.000000,895.500000,173296,2000000036386867,2025-10-07T11:03:39,2025-11-25
BANKNIFTY25NOV57100CE,,2025-10-07,NSE,FO,,buy,false,35.000000,698.850000,173444,2000000036407055,2025-10-07T11:03:45,2025-11-25
BANKNIFTY25NOV56700CE,,2025-10-07,NSE,FO,,sell,false,35.000000,900.000000,173644,2000000036438117,2025-10-07T11:03:53,2025-11-25
BANKNIFTY25NOV57100CE,,2025-10-07,NSE,FO,,buy,false,35.000000,701.300000,173723,2000000036456440,2025-10-07T11:03:59,2025-11-25
BANKNIFTY25NOV56700CE,,2025-10-07,NSE,FO,,sell,false,35.000000,900.500000,173817,2000000036480007,2025-10-07T11:04:05,2025-11-25
BANKNIFTY25NOV57100CE,,2025-10-07,NSE,FO,,buy,false,35.000000,702.500000,173995,2000000036533392,2025-10-07T11:04:21,2025-11-25
BANKNIFTY25NOV57100CE,,2025-10-07,NSE,FO,,buy,false,35.000000,708.000000,174440,2000000036655290,2025-10-07T11:05:02,2025-11-25
NIFTY25O1425150CE,,2025-10-07,NSE,FO,,buy,false,150.000000,159.000000,5457590,1600000091131294,2025-10-07T11:09:07,2025-10-14
NIFTY25O1425050CE,,2025-10-07,NSE,FO,,sell,false,150.000000,225.300000,2808079,1400000079480375,2025-10-07T11:09:31,2025-10-14
BANKNIFTY25DEC56000PE,,2025-10-07,NSE,FO,,buy,false,35.000000,720.000000,258473,1700000045200312,2025-10-07T11:15:36,2025-12-30
BANKNIFTY25OCT58000CE,,2025-10-07,NSE,FO,,sell,false,35.000000,81.900000,286569,1700000049339428,2025-10-07T11:29:18,2025-10-28
BANKNIFTY25OCT58000CE,,2025-10-07,NSE,FO,,sell,false,35.000000,81.900000,286568,1700000049339428,2025-10-07T11:29:18,2025-10-28
NIFTY25DEC25000CE,,2025-10-07,NSE,FO,,buy,false,75.000000,804.900000,3150700,1300000092594992,2025-10-07T11:37:19,2025-12-30
NIFTY25DEC25000CE,,2025-10-07,NSE,FO,,buy,false,75.000000,805.000000,3193156,1300000093492318,2025-10-07T11:39:34,2025-12-30
NIFTY25DEC25500CE,,2025-10-07,NSE,FO,,sell,false,75.000000,496.000000,7231531,1600000114835029,2025-10-07T11:39:59,2025-12-30
NIFTY25DEC25500CE,,2025-10-07,NSE,FO,,sell,false,75.000000,495.000000,7245193,1600000115121123,2025-10-07T11:40:24,2025-12-30
NIFTY25NOV25800CE,,2025-10-07,NSE,FO,,buy,false,75.000000,191.550000,11481043,1500000187741629,2025-10-07T14:13:21,2025-11-25
NIFTY25NOV25600CE,,2025-10-07,NSE,FO,,buy,false,150.000000,267.950000,8002287,1100000182491781,2025-10-07T14:13:45,2025-11-25
NIFTY25NOV25500CE,,2025-10-07,NSE,FO,,sell,false,150.000000,314.050000,13904453,1600000210858851,2025-10-07T14:13:51,2025-11-25
BANKNIFTY25DEC55500PE,,2025-10-07,NSE,FO,,sell,false,35.000000,540.000000,325185,2000000074663835,2025-10-07T14:16:40,2025-12-30
BANKNIFTY25OCT57000CE,,2025-10-07,NSE,FO,,buy,false,35.000000,354.800000,372754,1900000081779096,2025-10-07T14:19:28,2025-10-28
BANKNIFTY25DEC56500CE,,2025-10-07,NSE,FO,,buy,false,35.000000,1550.000000,357477,1800000082193990,2025-10-07T14:20:14,2025-12-30
BANKNIFTY25DEC56500CE,,2025-10-07,NSE,FO,,buy,false,35.000000,1550.000000,357757,1800000082256867,2025-10-07T14:20:40,2025-12-30
BANKNIFTY25DEC56000CE,,2025-10-07,NSE,FO,,sell,false,35.000000,1862.000000,475126,1700000091042653,2025-10-07T14:21:19,2025-12-30
BANKNIFTY25DEC56000CE,,2025-10-07,NSE,FO,,sell,false,35.000000,1865.000000,475622,1700000091300751,2025-10-07T14:22:02,2025-12-30
BANKNIFTY25DEC56500CE,,2025-10-07,NSE,FO,,buy,false,35.000000,1555.000000,358976,1800000082726141,2025-10-07T14:23:17,2025-12-30
BANKNIFTY25DEC56500CE,,2025-10-07,NSE,FO,,buy,false,35.000000,1560.000000,359194,1800000082726141,2025-10-07T14:23:53,2025-12-30
BANKNIFTY25OCT57000CE,,2025-10-07,NSE,FO,,buy,false,35.000000,362.100000,375452,1900000083030622,2025-10-07T14:24:45,2025-10-28
BANKNIFTY25OCT56000CE,,2025-10-07,NSE,FO,,sell,false,35.000000,934.800000,478267,1700000092097385,2025-10-07T14:24:49,2025-10-28
BANKNIFTY25OCT56500CE,,2025-10-07,NSE,FO,,buy,false,35.000000,613.450000,360104,1800000083315698,2025-10-07T14:25:08,2025-10-28
BANKNIFTY25OCT56500CE,,2025-10-07,NSE,FO,,buy,false,35.000000,613.350000,360103,1800000083315698,2025-10-07T14:25:08,2025-10-28
BANKNIFTY25OCT56500CE,,2025-10-07,NSE,FO,,buy,false,35.000000,613.350000,360102,1800000083315698,2025-10-07T14:25:08,2025-10-28
BANKNIFTY25OCT56400CE,,2025-10-07,NSE,FO,,sell,false,105.000000,672.700000,478740,1700000092197259,2025-10-07T14:25:13,2025-10-28
BANKNIFTY25DEC56000CE,,2025-10-07,NSE,FO,,sell,false,70.000000,1870.000000,479611,1700000092367089,2025-10-07T14:25:52,2025-12-30
BANKNIFTY25OCT56500PE,,2025-10-07,NSE,FO,,sell,false,35.000000,493.550000,360793,1800000083558510,2025-10-07T14:26:09,2025-10-28
NIFTY25O1425250CE,,2025-10-07,NSE,FO,,sell,false,75.000000,82.450000,9379736,1100000202280828,2025-10-07T14:38:59,2025-10-14
BANKNIFTY25OCT56000CE,,2025-10-08,NSE,FO,,buy,false,35.000000,721.400000,220067,1700000042089563,2025-10-08T10:42:53,2025-10-28
BANKNIFTY25OCT56000CE,,2025-10-08,NSE,FO,,buy,false,35.000000,718.350000,220384,1700000042179293,2025-10-08T10:43:05,2025-10-28
BANKNIFTY25OCT56600CE,,2025-10-08,NSE,FO,,sell,false,35.000000,399.600000,192147,1900000038003135,2025-10-08T10:43:37,2025-10-28
BANKNIFTY25NOV56500CE,,2025-10-08,NSE,FO,,buy,false,35.000000,898.450000,170594,1800000039379088,2025-10-08T10:44:41,2025-11-25
BANKNIFTY25OCT56500CE,,2025-10-08,NSE,FO,,sell,false,35.000000,442.100000,171127,1800000039586708,2025-10-08T10:45:14,2025-10-28
BANKNIFTY25OCT56500CE,,2025-10-08,NSE,FO,,sell,false,35.000000,442.000000,171128,1800000039586708,2025-10-08T10:45:14,2025-10-28
BANKNIFTY25OCT56500CE,,2025-10-08,NSE,FO,,sell,false,35.000000,426.900000,176536,1800000040392770,2025-10-08T10:47:05,2025-10-28
NIFTY25O1425050CE,,2025-10-08,NSE,FO,,buy,false,75.000000,134.950000,1155583,1400000073358224,2025-10-08T11:03:23,2025-10-14
NIFTY25O1425250CE,,2025-10-08,NSE,FO,,buy,false,75.000000,47.700000,1231773,1100000074411031,2025-10-08T11:03:34,2025-10-14
NIFTY25O1425150CE,,2025-10-08,NSE,FO,,sell,false,75.000000,82.200000,2043991,1600000083244034,2025-10-08T11:03:44,2025-10-14
NIFTY25O1425150CE,,2025-10-08,NSE,FO,,sell,false,75.000000,82.200000,2043992,1600000083244034,2025-10-08T11:03:44,2025-10-14
BANKNIFTY25NOV59000CE,,2025-10-08,NSE,FO,,buy,false,35.000000,114.800000,233256,1900000047122378,2025-10-08T11:06:40,2025-11-25
BANKNIFTY25NOV59000CE,,2025-10-08,NSE,FO,,buy,false,35.000000,114.750000,233255,1900000047122378,2025-10-08T11:06:40,2025-11-25
BANKNIFTY25NOV57100CE,,2025-10-08,NSE,FO,,sell,false,70.000000,537.500000,181061,2000000044674472,2025-10-08T11:06:57,2025-11-25
NIFTY25OCT25200PE,,2025-10-08,NSE,FO,,buy,false,75.000000,250.800000,2588839,1000000103838303,2025-10-08T11:30:36,2025-10-28
NIFTY25OCT25000PE,,2025-10-08,NSE,FO,,sell,false,75.000000,161.700000,1822474,1300000095934171,2025-10-08T11:30:41,2025-10-28
NIFTY25OCT25300PE,,2025-10-08,NSE,FO,,buy,false,75.000000,308.700000,1520613,1200000094022348,2025-10-08T11:30:51,2025-10-28
NIFTY25NOV24500PE,,2025-10-08,NSE,FO,,sell,false,75.000000,129.900000,2602511,1000000104657470,2025-10-08T11:31:46,2025-11-25
NIFTY25NOV26000CE,,2025-10-08,NSE,FO,,buy,false,75.000000,96.100000,1531091,1200000094938129,2025-10-08T11:32:18,2025-11-25
NIFTY25NOV25600CE,,2025-10-08,NSE,FO,,sell,false,75.000000,207.900000,1593693,1100000094473546,2025-10-08T11:32:48,2025-11-25
NIFTY25NOV26500CE,,2025-10-08,NSE,FO,,buy,false,75.000000,32.550000,2627415,1500000099479485,2025-10-08T11:33:49,2025-11-25
NIFTY25NOV26000CE,,2025-10-08,NSE,FO,,sell,false,75.000000,95.750000,1539538,1200000095887898,2025-10-08T11:34:00,2025-11-25
NIFTY25OCT24500CE,,2025-10-08,NSE,FO,,buy,false,75.000000,687.900000,2905510,1000000130714635,2025-10-08T12:15:50,2025-10-28
NIFTY25OCT25000CE,,2025-10-08,NSE,FO,,sell,false,75.000000,290.300000,2311764,1300000125388038,2025-10-08T12:18:14,2025-10-28
BANKNIFTY25OCT56000PE,,2025-10-08,NSE,FO,,buy,false,35.000000,441.850000,692561,1700000161386408,2025-10-08T15:21:59,2025-10-28
BANKNIFTY25OCT56000PE,,2025-10-09,NSE,FO,,sell,false,35.000000,462.450000,169784,1700000031649352,2025-10-09T10:17:58,2025-10-28
BANKNIFTY25OCT54000PE,,2025-10-09,NSE,FO,,buy,false,35.000000,74.650000,172764,1700000032218642,2025-10-09T10:19:13,2025-10-28
BANKNIFTY25OCT55700PE,,2025-10-09,NSE,FO,,sell,false,35.000000,338.600000,111155,1800000030272303,2025-10-09T10:19:26,2025-10-28
BANKNIFTY25OCT54000PE,,2025-10-09,NSE,FO,,buy,false,35.000000,73.700000,175036,1700000032451542,2025-10-09T10:19:35,2025-10-28
BANKNIFTY25OCT55700PE,,2025-10-09,NSE,FO,,sell,false,35.000000,341.150000,111623,1800000030431574,2025-10-09T10:19:45,2025-10-28
BANKNIFTY25OCT56500PE,,2025-10-09,NSE,FO,,buy,false,35.000000,695.950000,112666,1800000030877888,2025-10-09T10:20:47,2025-10-28
BANKNIFTY25OCT55000PE,,2025-10-09,NSE,FO,,sell,false,35.000000,182.600000,127570,1900000030330870,2025-10-09T10:20:50,2025-10-28
BANKNIFTY25OCT56500PE,,2025-10-09,NSE,FO,,buy,false,35.000000,703.050000,114029,1800000031319089,2025-10-09T10:21:49,2025-10-28
BANKNIFTY25OCT55000PE,,2025-10-09,NSE,FO,,sell,false,35.000000,185.100000,128880,1900000030769490,2025-10-09T10:21:54,2025-10-28
BANKNIFTY25OCT55000PE,,2025-10-09,NSE,FO,,buy,false,35.000000,179.350000,129821,1900000031219085,2025-10-09T10:23:04,2025-10-28
BANKNIFTY25OCT56000PE,,2025-10-09,NSE,FO,,sell,false,35.000000,449.350000,182126,1700000034029759,2025-10-09T10:23:07,2025-10-28
BANKNIFTY25OCT55000PE,,2025-10-09,NSE,FO,,buy,false,35.000000,181.400000,129957,1900000031309428,2025-10-09T10:23:19,2025-10-28
BANKNIFTY25OCT56000PE,,2025-10-09,NSE,FO,,sell,false,35.000000,455.850000,182574,1700000034165573,2025-10-09T10:23:27,2025-10-28
NIFTY25O1425200CE,,2025-10-09,NSE,FO,,buy,false,75.000000,101.700000,2069435,1000000107760176,2025-10-09T11:40:01,2025-10-14
NIFTY25O1425050CE,,2025-10-09,NSE,FO,,sell,false,75.000000,205.400000,2151742,1400000105344806,2025-10-09T11:40:40,2025-10-14
BANKNIFTY25OCT56300PE,,2025-10-09,NSE,FO,,buy,false,35.000000,457.650000,204314,2000000058857855,2025-10-09T11:46:45,2025-10-28
BANKNIFTY25OCT56500CE,,2025-10-09,NSE,FO,,buy,false,35.000000,516.650000,216097,1800000064561330,2025-10-09T11:47:09,2025-10-28
BANKNIFTY25OCT56500CE,,2025-10-09,NSE,FO,,buy,false,35.000000,517.200000,216899,1800000064721956,2025-10-09T11:47:28,2025-10-28
BANKNIFTY25NOV59000CE,,2025-10-09,NSE,FO,,buy,false,35.000000,136.150000,381670,1900000121683006,2025-10-09T14:38:24,2025-11-25
BANKNIFTY25NOV57100CE,,2025-10-09,NSE,FO,,sell,false,35.000000,625.550000,301921,2000000114356830,2025-10-09T14:38:33,2025-11-25
BANKNIFTY25NOV58000CE,,2025-10-09,NSE,FO,,sell,false,35.000000,314.550000,491810,1700000137041546,2025-10-09T14:40:46,2025-11-25
BANKNIFTY25OCT56500CE,,2025-10-09,NSE,FO,,buy,false,35.000000,458.050000,335182,1800000126735973,2025-10-09T14:41:23,2025-10-28
BANKNIFTY25OCT56000CE,,2025-10-09,NSE,FO,,sell,false,35.000000,744.500000,492236,1700000137352199,2025-10-09T14:41:28,2025-10-28
